department,Environment,subscription_name,resource_identifier,resource_type,resource_location,consecutive_days,description, potential monthly savings ,,,,,,
pink,prd,pink-flamingo-galatzarcive-prd-001,archivenewcvodatadisk4,disks,westeurope,13,not attached to a vm,  392 ,,,"'archivenewcvodatadisk4',",,,"'pink-flamingo-galatzarcive-prd-001',"
turkiz,prd,turkiz-starfish-soc60-prd-001,matantest_datadisk_1,disks,westeurope,13,not attached to a vm,  190 ,,,"'matantest_datadisk_1',",,,"'turkiz-starfish-soc60-prd-001',"
turkiz,prd,turkiz-starfish-soc60-prd-001,matantest_datadisk_0,disks,westeurope,13,not attached to a vm,  190 ,,,"'matantest_datadisk_0',",,,"'turkiz-starfish-soc60-prd-001',"
turkiz,prd,turkiz-starfish-soc60-prd-001,lotem_datadisk_1,disks,westeurope,13,not attached to a vm,  190 ,,,"'lotem_datadisk_1',",,,"'turkiz-starfish-soc60-prd-001',"
turkiz,prd,turkiz-starfish-soc60-prd-001,yara-test-vm_datadisk_0,disks,westeurope,13,not attached to a vm,  190 ,,,"'yara-test-vm_datadisk_0',",,,"'turkiz-starfish-soc60-prd-001',"
turkiz,prd,turkiz-starfish-soc60-prd-001,lotem_datadisk_0,disks,westeurope,13,not attached to a vm,  190 ,,,"'lotem_datadisk_0',",,,"'turkiz-starfish-soc60-prd-001',"
turkiz,prd,turkiz-starfish-soc60-prd-001,yara-test-vm_datadisk_1,disks,westeurope,13,not attached to a vm,  190 ,,,"'yara-test-vm_datadisk_1',",,,"'turkiz-starfish-soc60-prd-001',"
turkiz,prd,turkiz-starfish-mampm-prd-002,supportdisk,disks,centralus,13,not attached to a vm,  173 ,,,"'supportdisk',",,,"'turkiz-starfish-mampm-prd-002',"
turkiz,dev,turkiz-starfish-paasmamram-dev-001,datacluster-f8mdw-dynamic-pvc-633b706c-4f6b-4001-96e6-84f330d092b5,disks,westeurope,13,not attached to a vm,  103 ,,,"'datacluster-f8mdw-dynamic-pvc-633b706c-4f6b-4001-96e6-84f330d092b5',",,,"'turkiz-starfish-paasmamram-dev-001',"
turkiz,dev,turkiz-starfish-paasmamram-dev-001,datacluster-f8mdw-dynamic-pvc-150fbb97-7164-48a8-95a3-b7d1aa65f27b,disks,westeurope,13,not attached to a vm,  103 ,,,"'datacluster-f8mdw-dynamic-pvc-150fbb97-7164-48a8-95a3-b7d1aa65f27b',",,,"'turkiz-starfish-paasmamram-dev-001',"
turkiz,prd,turkiz-starfish-soc60-prd-001,luzon,disks,westeurope,13,not attached to a vm,  103 ,,,"'luzon',",,,"'turkiz-starfish-soc60-prd-001',"
turkiz,prd,turkiz-starfish-soc60-prd-001,luzalwayson2event,disks,westeurope,13,not attached to a vm,  103 ,,,"'luzalwayson2event',",,,"'turkiz-starfish-soc60-prd-001',"
turkiz,dev,turkiz-starfish-paasmamram-dev-001,datacluster-f8mdw-dynamic-pvc-1849d28a-f514-4b69-b959-de00414718a4,disks,westeurope,13,not attached to a vm,  103 ,,,"'datacluster-f8mdw-dynamic-pvc-1849d28a-f514-4b69-b959-de00414718a4',",,,"'turkiz-starfish-paasmamram-dev-001',"
turkiz,dev,turkiz-starfish-paasmamram-dev-001,datacluster-f8mdw-dynamic-pvc-e7744417-7530-4506-9ea7-ff9f7cb39b0f,disks,westeurope,13,not attached to a vm,  103 ,,,"'datacluster-f8mdw-dynamic-pvc-e7744417-7530-4506-9ea7-ff9f7cb39b0f',",,,"'turkiz-starfish-paasmamram-dev-001',"
turkiz,dev,turkiz-starfish-paasmamram-dev-001,extrastorage,disks,westeurope,13,not attached to a vm,  100 ,,,"'extrastorage',",,,"'turkiz-starfish-paasmamram-dev-001',"
turkiz,prd,turkiz-starfish-soc60-prd-001,dataaa,disks,westeurope,13,not attached to a vm,  98 ,,,"'dataaa',",,,"'turkiz-starfish-soc60-prd-001',"
turkiz,dev,turkiz-starfish-paasmamram-dev-001,yuval_datadisk_0,disks,westeurope,13,not attached to a vm,  79 ,,,"'yuval_datadisk_0',",,,"'turkiz-starfish-paasmamram-dev-001',"
pink,prd,pink-flamingo-m88-prd-001,hmakavfs,disks,westus2,13,not attached to a vm,  52 ,,,"'hmakavfs',",,,"'pink-flamingo-m88-prd-001',"
turkiz,dev,turkiz-starfish-paasmamram-dev-001,ocp4registry-rhel8_datadisk_0,disks,eastus,13,not attached to a vm,  52 ,,,"'ocp4registry-rhel8_datadisk_0',",,,"'turkiz-starfish-paasmamram-dev-001',"
turkiz,dev,turkiz-key-bladeforce-dev-001,october_osdisk_1_ea972e4f94b24735bd39dc840c2c36d1,disks,francecentral,13,not attached to a vm,  30 ,,,"'october_osdisk_1_ea972e4f94b24735bd39dc840c2c36d1',",,,"'turkiz-key-bladeforce-dev-001',"
turkiz,dev,turkiz-key-bladeforce-dev-001,november_osdisk_1_408f9dfa11cb4e6ea844cbd3d240deeb,disks,francecentral,13,not attached to a vm,  30 ,,,"'november_osdisk_1_408f9dfa11cb4e6ea844cbd3d240deeb',",,,"'turkiz-key-bladeforce-dev-001',"
turkiz,prd,turkiz-starfish-mampm-prd-002,tempdisk,disks,centralus,13,not attached to a vm,  28 ,,,"'tempdisk',",,,"'turkiz-starfish-mampm-prd-002',"
gray,prd,gray-hippo-talpi-prd-001,talpibotmachine_dockerregistry,disks,westeurope,13,not attached to a vm,  28 ,,,"'talpibotmachine_dockerregistry',",,,"'gray-hippo-talpi-prd-001',"
turkiz,prd,turkiz-starfish-mampm-prd-002,admatai,disks,centralus,13,not attached to a vm,  28 ,,,"'admatai',",,,"'turkiz-starfish-mampm-prd-002',"
gray,prd,gray-hippo-talpi-prd-001,talpibotmachine_newdisk,disks,westeurope,13,not attached to a vm,  28 ,,,"'talpibotmachine_newdisk',",,,"'gray-hippo-talpi-prd-001',"
turkiz,dev,turkiz-key-bladeforce-dev-001,sadabserver2_osdisk_1_9142184d258b4cfbac38d3e21b6a3e99,disks,germanywestcentral,13,not attached to a vm,  28 ,,,"'sadabserver2_osdisk_1_9142184d258b4cfbac38d3e21b6a3e99',",,,"'turkiz-key-bladeforce-dev-001',"
olive,prd,olive-hina-hatalemet-prd-001,whatsapp-bot_datadisk_0,disks,westeurope,13,not attached to a vm,  28 ,,,"'whatsapp-bot_datadisk_0',",,,"'olive-hina-hatalemet-prd-001',"
turkiz,dev,turkiz-key-bladeforce-dev-001,sadabserver01_osdisk_1_815f3422defd49aa948cc91f528e4467,disks,germanywestcentral,13,not attached to a vm,  28 ,,,"'sadabserver01_osdisk_1_815f3422defd49aa948cc91f528e4467',",,,"'turkiz-key-bladeforce-dev-001',"
turkiz,prd,turkiz-starfish-soc60-prd-001,luzonsplunkevent,disks,westeurope,13,not attached to a vm,  28 ,,,"'luzonsplunkevent',",,,"'turkiz-starfish-soc60-prd-001',"
turkiz,prd,turkiz-starfish-soc60-prd-001,wb_disk_os,disks,westeurope,13,not attached to a vm,  28 ,,,"'wb_disk_os',",,,"'turkiz-starfish-soc60-prd-001',"
turkiz,prd,turkiz-starfish-soc60-prd-001,amit-shared-disk,disks,westeurope,13,not attached to a vm,  28 ,,,"'amit-shared-disk',",,,"'turkiz-starfish-soc60-prd-001',"
turkiz,dev,turkiz-starfish-paasmamram-dev-001,datacluster-f8mdw-dynamic-pvc-ac26fd2c-0917-405a-b385-52e2aeed1912,disks,westeurope,13,not attached to a vm,  28 ,,,"'datacluster-f8mdw-dynamic-pvc-ac26fd2c-0917-405a-b385-52e2aeed1912',",,,"'turkiz-starfish-paasmamram-dev-001',"
turkiz,dev,turkiz-key-bladeforce-dev-001,sadabserver1_osdisk_1_628f6d3ce5604fec8373a6f6b169dc09,disks,germanywestcentral,13,not attached to a vm,  28 ,,,"'sadabserver1_osdisk_1_628f6d3ce5604fec8373a6f6b169dc09',",,,"'turkiz-key-bladeforce-dev-001',"
turkiz,prd,turkiz-starfish-soc60-prd-001,vodinvastigationdisk,disks,westeurope,13,not attached to a vm,  28 ,,,"'vodinvastigationdisk',",,,"'turkiz-starfish-soc60-prd-001',"
turkiz,prd,turkiz-starfish-soc60-prd-001,miluim-ks-prod-vm1-shared-disk,disks,westeurope,13,not attached to a vm,  28 ,,,"'miluim-ks-prod-vm1-shared-disk',",,,"'turkiz-starfish-soc60-prd-001',"
turkiz,prd,turkiz-starfish-soc60-prd-001,miluim-app-prod-vm1-shared-disk,disks,westeurope,13,not attached to a vm,  28 ,,,"'miluim-app-prod-vm1-shared-disk',",,,"'turkiz-starfish-soc60-prd-001',"
olive,dev,olive-hina-maabedetmeamnim01-dev-001,idfitness_osdisk_1_13acbad7c9ba4bdba4cd50545b498ff8,disks,westeurope,13,not attached to a vm,  28 ,,,"'idfitness_osdisk_1_13acbad7c9ba4bdba4cd50545b498ff8',",,,"'olive-hina-maabedetmeamnim01-dev-001',"
turkiz,prd,turkiz-starfish-soc60-prd-001,voddc_disk2,disks,westeurope,13,not attached to a vm,  28 ,,,"'voddc_disk2',",,,"'turkiz-starfish-soc60-prd-001',"
turkiz,tst,turkiz-starfish-mashands-tst-001,ofek_disk1_0ce68f27e0164f9cacc5c0dcd1a88e37,disks,westeurope,13,not attached to a vm,  28 ,,,"'ofek_disk1_0ce68f27e0164f9cacc5c0dcd1a88e37',",,,"'turkiz-starfish-mashands-tst-001',"
turkiz,dev,turkiz-starfish-paasmamram-dev-001,datacluster-f8mdw-dynamic-pvc-93530e54-f386-456d-9bcd-febe452c3dbf,disks,westeurope,13,not attached to a vm,  28 ,,,"'datacluster-f8mdw-dynamic-pvc-93530e54-f386-456d-9bcd-febe452c3dbf',",,,"'turkiz-starfish-paasmamram-dev-001',"
gray,prd,gray-hippo-talpi-prd-001,talpibotmachine_disk1_092c73dd5141412cba5b3cfb5321daaa,disks,westeurope,13,not attached to a vm,  28 ,,,"'talpibotmachine_disk1_092c73dd5141412cba5b3cfb5321daaa',",,,"'gray-hippo-talpi-prd-001',"
yellow,prd,yellow-corn-dvr-prd-002,vm01-ch12_osdisk_1_9a57813436274ee6a31477f5825b1eb9,disks,westeurope,13,not attached to a vm,  28 ,,,"'vm01-ch12_osdisk_1_9a57813436274ee6a31477f5825b1eb9',",,,"'yellow-corn-dvr-prd-002',"
turkiz,dev,turkiz-key-bladeforce-dev-001,app1_datadisk_0,disks,germanywestcentral,13,not attached to a vm,  28 ,,,"'app1_datadisk_0',",,,"'turkiz-key-bladeforce-dev-001',"
turkiz,dev,turkiz-starfish-paasmamram-dev-001,datacluster-f8mdw-dynamic-pvc-8f9f97a7-c040-4a76-b1c7-a30038c7f49f,disks,westeurope,13,not attached to a vm,  28 ,,,"'datacluster-f8mdw-dynamic-pvc-8f9f97a7-c040-4a76-b1c7-a30038c7f49f',",,,"'turkiz-starfish-paasmamram-dev-001',"
turkiz,dev,turkiz-starfish-paasmamram-dev-001,datacluster-f8mdw-dynamic-pvc-d2e2b4f1-fc96-42bf-a15d-4222d27646d7,disks,westeurope,13,not attached to a vm,  28 ,,,"'datacluster-f8mdw-dynamic-pvc-d2e2b4f1-fc96-42bf-a15d-4222d27646d7',",,,"'turkiz-starfish-paasmamram-dev-001',"
turkiz,prd,turkiz-starfish-soc60-prd-001,luzdev,disks,westeurope,13,not attached to a vm,  28 ,,,"'luzdev',",,,"'turkiz-starfish-soc60-prd-001',"
turkiz,prd,turkiz-starfish-soc60-prd-001,matantest_osdisk_1_a651a47a89554d45a7b46c07a6219984,disks,westeurope,13,not attached to a vm,  28 ,,,"'matantest_osdisk_1_a651a47a89554d45a7b46c07a6219984',",,,"'turkiz-starfish-soc60-prd-001',"
turkiz,prd,turkiz-starfish-soc60-prd-001,amittest,disks,westeurope,13,not attached to a vm,  28 ,,,"'amittest',",,,"'turkiz-starfish-soc60-prd-001',"
turkiz,prd,turkiz-starfish-soc60-prd-001,nifi01_osdisk_1_41435ea204db43c7a7eb61944feb9f57,disks,westeurope,13,not attached to a vm,  28 ,,,"'nifi01_osdisk_1_41435ea204db43c7a7eb61944feb9f57',",,,"'turkiz-starfish-soc60-prd-001',"
turkiz,prd,turkiz-starfish-soc60-prd-001,luzonosdisk,disks,westeurope,13,not attached to a vm,  28 ,,,"'luzonosdisk',",,,"'turkiz-starfish-soc60-prd-001',"
turkiz,dev,turkiz-starfish-paasmamram-dev-001,datacluster-f8mdw-dynamic-pvc-23f091ab-0e3e-4ee4-93e2-2222173304c8,disks,westeurope,13,not attached to a vm,  28 ,,,"'datacluster-f8mdw-dynamic-pvc-23f091ab-0e3e-4ee4-93e2-2222173304c8',",,,"'turkiz-starfish-paasmamram-dev-001',"
turkiz,dev,turkiz-key-bladeforce-dev-001,sadabserver01_osdisk_1_edf1721c1db846909b58445ae06474f4,disks,germanywestcentral,13,not attached to a vm,  28 ,,,"'sadabserver01_osdisk_1_edf1721c1db846909b58445ae06474f4',",,,"'turkiz-key-bladeforce-dev-001',"
turkiz,prd,turkiz-starfish-soc60-prd-001,miluim-fe-prod-vm1-shared-disk,disks,westeurope,13,not attached to a vm,  28 ,,,"'miluim-fe-prod-vm1-shared-disk',",,,"'turkiz-starfish-soc60-prd-001',"
turkiz,prd,turkiz-starfish-soc60-prd-001,luzoneventdisk,disks,westeurope,13,not attached to a vm,  28 ,,,"'luzoneventdisk',",,,"'turkiz-starfish-soc60-prd-001',"
turkiz,prd,turkiz-starfish-soc60-prd-001,voddc_disk,disks,westeurope,13,not attached to a vm,  28 ,,,"'voddc_disk',",,,"'turkiz-starfish-soc60-prd-001',"
turkiz,prd,turkiz-starfish-soc60-prd-001,miluim-app-prod-vm1-snapshot-disk,disks,westeurope,13,not attached to a vm,  28 ,,,"'miluim-app-prod-vm1-snapshot-disk',",,,"'turkiz-starfish-soc60-prd-001',"
turkiz,prd,turkiz-starfish-soc60-prd-001,amitgenkintest-shared-disk,disks,westeurope,13,not attached to a vm,  28 ,,,"'amitgenkintest-shared-disk',",,,"'turkiz-starfish-soc60-prd-001',"
turkiz,prd,turkiz-starfish-soc60-prd-001,luzalwaysppevent,disks,westeurope,13,not attached to a vm,  28 ,,,"'luzalwaysppevent',",,,"'turkiz-starfish-soc60-prd-001',"
turkiz,prd,turkiz-starfish-soc60-prd-001,luzoneventclone_osdisk_1_bed9f12f357c47da830f9cafc200e0ef,disks,westeurope,13,not attached to a vm,  28 ,,,"'luzoneventclone_osdisk_1_bed9f12f357c47da830f9cafc200e0ef',",,,"'turkiz-starfish-soc60-prd-001',"
turkiz,prd,turkiz-starfish-soc60-prd-001,miluim-fe-prod-vm2-shared-disk,disks,westeurope,13,not attached to a vm,  28 ,,,"'miluim-fe-prod-vm2-shared-disk',",,,"'turkiz-starfish-soc60-prd-001',"
olive,dev,olive-hina-maabedetmeamnim01-dev-001,testvm2_disk1_18a64b7e0b43449881e19a4c5e8add66,disks,westeurope,13,not attached to a vm,  28 ,,,"'testvm2_disk1_18a64b7e0b43449881e19a4c5e8add66',",,,"'olive-hina-maabedetmeamnim01-dev-001',"
turkiz,prd,turkiz-starfish-soc60-prd-001,newsnapshotlotemdisk,disks,westeurope,13,not attached to a vm,  28 ,,,"'newsnapshotlotemdisk',",,,"'turkiz-starfish-soc60-prd-001',"
turkiz,prd,turkiz-starfish-soc60-prd-001,hakirot-host-disk,disks,westeurope,13,not attached to a vm,  28 ,,,"'hakirot-host-disk',",,,"'turkiz-starfish-soc60-prd-001',"
turkiz,prd,turkiz-starfish-soc60-prd-001,miluim-fe-prod-vm1-snapshot-disk,disks,westeurope,13,not attached to a vm,  28 ,,,"'miluim-fe-prod-vm1-snapshot-disk',",,,"'turkiz-starfish-soc60-prd-001',"
turkiz,prd,turkiz-starfish-soc60-prd-001,lotem_osdisk_1_169a2967129345398a8f152ef919038a,disks,westeurope,13,not attached to a vm,  28 ,,,"'lotem_osdisk_1_169a2967129345398a8f152ef919038a',",,,"'turkiz-starfish-soc60-prd-001',"
turkiz,prd,turkiz-starfish-soc60-prd-001,soc-whatsapp-bot,disks,westeurope,13,not attached to a vm,  28 ,,,"'soc-whatsapp-bot',",,,"'turkiz-starfish-soc60-prd-001',"
turkiz,prd,turkiz-starfish-soc60-prd-001,miluim-ks-prod-vm2-shared-disk,disks,westeurope,13,not attached to a vm,  28 ,,,"'miluim-ks-prod-vm2-shared-disk',",,,"'turkiz-starfish-soc60-prd-001',"
turkiz,dev,turkiz-key-bladeforce-dev-001,sadab-event-forwarder_osdisk_1_76b2c38aa2f245a79f2d4c9519b7f6cf,disks,germanywestcentral,13,not attached to a vm,  28 ,,,"'sadab-event-forwarder_osdisk_1_76b2c38aa2f245a79f2d4c9519b7f6cf',",,,"'turkiz-key-bladeforce-dev-001',"
turkiz,dev,turkiz-key-bladeforce-dev-001,sadabserver1_osdisk_1_39b9959a04774c6a9f3ce0990f5fec5b,disks,germanywestcentral,13,not attached to a vm,  28 ,,,"'sadabserver1_osdisk_1_39b9959a04774c6a9f3ce0990f5fec5b',",,,"'turkiz-key-bladeforce-dev-001',"
turkiz,prd,turkiz-starfish-soc60-prd-001,miluim-mandalo-prod-vm1-disk-shared,disks,westeurope,13,not attached to a vm,  28 ,,,"'miluim-mandalo-prod-vm1-disk-shared',",,,"'turkiz-starfish-soc60-prd-001',"
turkiz,dev,turkiz-key-bladeforce-dev-001,sadabserver1_osdisk_1_bee94d64bc674c01b89f1dd383a030a5,disks,germanywestcentral,13,not attached to a vm,  28 ,,,"'sadabserver1_osdisk_1_bee94d64bc674c01b89f1dd383a030a5',",,,"'turkiz-key-bladeforce-dev-001',"
turkiz,prd,turkiz-starfish-soc60-prd-001,miluim-fe-prod-vm2-snapshot-disk,disks,westeurope,13,not attached to a vm,  28 ,,,"'miluim-fe-prod-vm2-snapshot-disk',",,,"'turkiz-starfish-soc60-prd-001',"
turkiz,dev,turkiz-starfish-paasmamram-dev-001,datacluster-f8mdw-dynamic-pvc-bc48c976-b0cb-4ca0-b1f5-657ef9c23925,disks,westeurope,13,not attached to a vm,  28 ,,,"'datacluster-f8mdw-dynamic-pvc-bc48c976-b0cb-4ca0-b1f5-657ef9c23925',",,,"'turkiz-starfish-paasmamram-dev-001',"
turkiz,prd,turkiz-starfish-soc60-prd-001,ad-for-oracle,disks,westeurope,13,not attached to a vm,  28 ,,,"'ad-for-oracle',",,,"'turkiz-starfish-soc60-prd-001',"
turkiz,prd,turkiz-starfish-soc60-prd-001,mp-0_osdisk,disks,westus,13,not attached to a vm,  25 ,,,"'mp-0_osdisk',",,,"'turkiz-starfish-soc60-prd-001',"
turkiz,prd,turkiz-starfish-mampm-prd-002,test2012_osdisk_1_4cb902f1ef1c4a3b9dadf0581552d6a7,disks,centralus,13,not attached to a vm,  25 ,,,"'test2012_osdisk_1_4cb902f1ef1c4a3b9dadf0581552d6a7',",,,"'turkiz-starfish-mampm-prd-002',"
turkiz,prd,turkiz-starfish-click-mamram-prd-001,clone_of_imstocr_datadisk,disks,eastus,13,not attached to a vm,  25 ,,,"'clone_of_imstocr_datadisk',",,,"'turkiz-starfish-click-mamram-prd-001',"
gray,dev,gray-hippo-iafsod-dev-001,sodbuild2-old-disk,disks,northeurope,13,not attached to a vm,  25 ,,,"'sodbuild2-old-disk',",,,"'gray-hippo-iafsod-dev-001',"
turkiz,prd,turkiz-starfish-soc60-prd-001,chat-ng-os-disk,disks,eastus,13,not attached to a vm,  25 ,,,"'chat-ng-os-disk',",,,"'turkiz-starfish-soc60-prd-001',"
turkiz,dev,turkiz-starfish-metadata-dev-001,gpu-test_osdisk_1_f3a64599cb3e4fe9b1f8f8e24c06f26a,disks,westus,13,not attached to a vm,  25 ,,,"'gpu-test_osdisk_1_f3a64599cb3e4fe9b1f8f8e24c06f26a',",,,"'turkiz-starfish-metadata-dev-001',"
gray,dev,gray-hippo-iafsod-dev-001,sodexchange-osdisk-20201022-081331,disks,northeurope,13,not attached to a vm,  25 ,,,"'sodexchange-osdisk-20201022-081331',",,,"'gray-hippo-iafsod-dev-001',"
turkiz,prd,turkiz-starfish-mampm-prd-002,test2016_osdisk_1_9085694484bb4321ade287dc236c37c5,disks,centralus,13,not attached to a vm,  25 ,,,"'test2016_osdisk_1_9085694484bb4321ade287dc236c37c5',",,,"'turkiz-starfish-mampm-prd-002',"
gray,dev,gray-hippo-iafsod-dev-001,sodbuild2-osdisk-20210607-091219,disks,northeurope,13,not attached to a vm,  25 ,,,"'sodbuild2-osdisk-20210607-091219',",,,"'gray-hippo-iafsod-dev-001',"
turkiz,prd,turkiz-starfish-soc60-prd-001,mp-irdisk1,disks,westus,13,not attached to a vm,  25 ,,,"'mp-irdisk1',",,,"'turkiz-starfish-soc60-prd-001',"
gray,dev,gray-hippo-iafsod-dev-001,exrestore-osdisk-20201019-064831,disks,northeurope,13,not attached to a vm,  25 ,,,"'exrestore-osdisk-20201019-064831',",,,"'gray-hippo-iafsod-dev-001',"
turkiz,dev,turkiz-starfish-metadata-dev-001,gpu-test_osdisk_1_07d8689ddd83490c9f0ae012bb89bb09,disks,westus,13,not attached to a vm,  25 ,,,"'gpu-test_osdisk_1_07d8689ddd83490c9f0ae012bb89bb09',",,,"'turkiz-starfish-metadata-dev-001',"
turkiz,prd,turkiz-starfish-soc60-prd-001,ad-for-oracle-inv-disk,disks,eastus,13,not attached to a vm,  25 ,,,"'ad-for-oracle-inv-disk',",,,"'turkiz-starfish-soc60-prd-001',"
gray,dev,gray-hippo-iafsod-dev-001,arosod-qnbzh-dynamic-pvc-cffda825-f8dc-4644-908e-d2b0e73b9171,disks,northeurope,13,not attached to a vm,  25 ,,,"'arosod-qnbzh-dynamic-pvc-cffda825-f8dc-4644-908e-d2b0e73b9171',",,,"'gray-hippo-iafsod-dev-001',"
gray,dev,gray-hippo-iafsod-dev-001,arosod-qnbzh-dynamic-pvc-221d57f9-bde2-4f0e-b23e-1aa24d0147aa,disks,northeurope,13,not attached to a vm,  25 ,,,"'arosod-qnbzh-dynamic-pvc-221d57f9-bde2-4f0e-b23e-1aa24d0147aa',",,,"'gray-hippo-iafsod-dev-001',"
gray,dev,gray-hippo-iafsod-dev-001,sodbuild2_osdisk_1_324e074c41944039bb39a1f128a0bef8,disks,northeurope,13,not attached to a vm,  25 ,,,"'sodbuild2_osdisk_1_324e074c41944039bb39a1f128a0bef8',",,,"'gray-hippo-iafsod-dev-001',"
gray,dev,gray-hippo-iafsod-dev-001,sod_build_restore_os,disks,northeurope,13,not attached to a vm,  14 ,,,"'sod_build_restore_os',",,,"'gray-hippo-iafsod-dev-001',"
turkiz,prd,turkiz-starfish-tikshuv-prd-001,campus-pp-web-image_datadisk_0,disks,westeurope,13,not attached to a vm,  14 ,,,"'campus-pp-web-image_datadisk_0',",,,"'turkiz-starfish-tikshuv-prd-001',"
turkiz,prd,turkiz-starfish-digitalhub-prd-001,sasa-gs01-osdisk,disks,westeurope,13,not attached to a vm,  14 ,,,"'sasa-gs01-osdisk',",,,"'turkiz-starfish-digitalhub-prd-001',"
turkiz,prd,turkiz-starfish-soc60-prd-001,nifi04_osdisk_1_6ca2b7c950eb483098674d3facd5cd32,disks,westeurope,13,not attached to a vm,  14 ,,,"'nifi04_osdisk_1_6ca2b7c950eb483098674d3facd5cd32',",,,"'turkiz-starfish-soc60-prd-001',"
turkiz,prd,turkiz-starfish-soc60-prd-001,nifi02_osdisk_1_65e7acf28ff249efb94e199585a42c78,disks,westeurope,13,not attached to a vm,  14 ,,,"'nifi02_osdisk_1_65e7acf28ff249efb94e199585a42c78',",,,"'turkiz-starfish-soc60-prd-001',"
turkiz,prd,turkiz-starfish-soc60-prd-001,nifi03_osdisk_1_a980ab3d774143f2918dd40a6843fffc,disks,westeurope,13,not attached to a vm,  14 ,,,"'nifi03_osdisk_1_a980ab3d774143f2918dd40a6843fffc',",,,"'turkiz-starfish-soc60-prd-001',"
turkiz,prd,turkiz-starfish-soc60-prd-001,nifi05_osdisk_1_d88f3788b9f241ccaa094baec4ada57e,disks,westeurope,13,not attached to a vm,  14 ,,,"'nifi05_osdisk_1_d88f3788b9f241ccaa094baec4ada57e',",,,"'turkiz-starfish-soc60-prd-001',"
turkiz,prd,cloudadmin-sharedresources,tamirrhel_osdisk_1_dc5887b9d83d467a836f738c4efa7577,disks,westeurope,13,not attached to a vm,  14 ,,,"'tamirrhel_osdisk_1_dc5887b9d83d467a836f738c4efa7577',",,,"'cloudadmin-sharedresources',"
turkiz,prd,turkiz-starfish-soc60-prd-001,luzdevdata,disks,westeurope,13,not attached to a vm,  14 ,,,"'luzdevdata',",,,"'turkiz-starfish-soc60-prd-001',"
pink,prd,pink-flamingo-galatzarcive-prd-001,cloud-restore-instance-account-xiy5zrw6_disk2_8c907923ae7d40b987ad1a66075c2662,disks,westeurope,13,not attached to a vm,  14 ,,,"'cloud-restore-instance-account-xiy5zrw6_disk2_8c907923ae7d40b987ad1a66075c2662',",,,"'pink-flamingo-galatzarcive-prd-001',"
gray,prd,gray-hippo-talpi-prd-001,talpibotmachine_datadisk_0,disks,westeurope,13,not attached to a vm,  14 ,,,"'talpibotmachine_datadisk_0',",,,"'gray-hippo-talpi-prd-001',"
turkiz,dev,turkiz-key-bladeforce-dev-001,sadab2_osdisk_1_bb570b7c1f714a9a8ae463ef0011cbf0,disks,uksouth,13,not attached to a vm,  13 ,,,"'sadab2_osdisk_1_bb570b7c1f714a9a8ae463ef0011cbf0',",,,"'turkiz-key-bladeforce-dev-001',"
turkiz,dev,turkiz-key-bladeforce-dev-001,sadab1_osdisk_1_a697b31a24f74dbd88039a024e740ce6,disks,uksouth,13,not attached to a vm,  13 ,,,"'sadab1_osdisk_1_a697b31a24f74dbd88039a024e740ce6',",,,"'turkiz-key-bladeforce-dev-001',"
turkiz,dev,turkiz-starfish-paasmamram-dev-001,ocp4registry-rhel8_osdisk_1_30d0e091438c477fb00e03fcd2a0c45d,disks,eastus,13,not attached to a vm,  13 ,,,"'ocp4registry-rhel8_osdisk_1_30d0e091438c477fb00e03fcd2a0c45d',",,,"'turkiz-starfish-paasmamram-dev-001',"
gray,dev,gray-hippo-iafsod-dev-001,pvc-c2198096-bb2c-4f9d-a667-b44e1d76c23c,disks,northeurope,13,not attached to a vm,  13 ,,,"'pvc-c2198096-bb2c-4f9d-a667-b44e1d76c23c',",,,"'gray-hippo-iafsod-dev-001',"
turkiz,prd,turkiz-starfish-soc60-prd-001,iaf_data_disk_vhd,disks,northeurope,13,not attached to a vm,  13 ,,,"'iaf_data_disk_vhd',",,,"'turkiz-starfish-soc60-prd-001',"
turkiz,prd,turkiz-starfish-tar-prd-001,aks-agentpool-28932843-5_osdisk_1_b0050b9307b04089875413c4da1fb5a0,disks,eastus,13,not attached to a vm,  13 ,,,"'aks-agentpool-28932843-5_osdisk_1_b0050b9307b04089875413c4da1fb5a0',",,,"'turkiz-starfish-tar-prd-001',"
turkiz,dev,turkiz-starfish-cloudlets-dev-001,captain-resh_disk1_3ccd5b4546ea4c819f51a9f0b0bb382d,disks,centralus,13,not attached to a vm,  13 ,,,"'captain-resh_disk1_3ccd5b4546ea4c819f51a9f0b0bb382d',",,,"'turkiz-starfish-cloudlets-dev-001',"
turkiz,prd,turkiz-starfish-soc60-prd-001,iaf_os_disk_vhd,disks,northeurope,13,not attached to a vm,  13 ,,,"'iaf_os_disk_vhd',",,,"'turkiz-starfish-soc60-prd-001',"
turkiz,dev,turkiz-starfish-cloudlets-dev-001,omerhel8_osdisk_1_2965567fb3894bb2a9dae6283f371cff,disks,centralus,13,not attached to a vm,  13 ,,,"'omerhel8_osdisk_1_2965567fb3894bb2a9dae6283f371cff',",,,"'turkiz-starfish-cloudlets-dev-001',"
gray,dev,gray-hippo-iafsod-dev-001,pvc-a0382fb6-32bd-4776-ba7e-087059283da7,disks,northeurope,13,not attached to a vm,  13 ,,,"'pvc-a0382fb6-32bd-4776-ba7e-087059283da7',",,,"'gray-hippo-iafsod-dev-001',"
turkiz,dev,turkiz-starfish-cloudlets-dev-001,ansible-master-omer_osdisk_1_25a39c092871456abe20e5f1f5623e06,disks,centralus,13,not attached to a vm,  13 ,,,"'ansible-master-omer_osdisk_1_25a39c092871456abe20e5f1f5623e06',",,,"'turkiz-starfish-cloudlets-dev-001',"
turkiz,dev,turkiz-starfish-cloudlets-dev-001,omer-acm-test_osdisk_1_4e4dff7118204e9d84012fe7a4bde1bd,disks,centralus,13,not attached to a vm,  13 ,,,"'omer-acm-test_osdisk_1_4e4dff7118204e9d84012fe7a4bde1bd',",,,"'turkiz-starfish-cloudlets-dev-001',"
gray,dev,gray-hippo-iafsod-dev-001,pvc-67b2405a-461c-4a42-b690-f9eef210d482,disks,northeurope,13,not attached to a vm,  13 ,,,"'pvc-67b2405a-461c-4a42-b690-f9eef210d482',",,,"'gray-hippo-iafsod-dev-001',"
black,prd,black-coal-tam-prd-001,nat-machine2-disk,disks,westeurope,13,not attached to a vm,  12 ,,,"'nat-machine2-disk',",,,"'black-coal-tam-prd-001',"
turkiz,prd,turkiz-starfish-soc60-prd-001,ex_webshell_3108_disk,disks,westeurope,13,not attached to a vm,  12 ,,,"'ex_webshell_3108_disk',",,,"'turkiz-starfish-soc60-prd-001',"
gray,dev,gray-rhino-grayrhinoafik-dev-001,afikavd-8_osdisk_1_045f35c746884f07a27efe518b981b9b,disks,westeurope,13,not attached to a vm,  12 ,,,"'afikavd-8_osdisk_1_045f35c746884f07a27efe518b981b9b',",,,"'gray-rhino-grayrhinoafik-dev-001',"
black,prd,black-coal-tam-prd-001,lnx-0-ben-disk,disks,westeurope,13,not attached to a vm,  12 ,,,"'lnx-0-ben-disk',",,,"'black-coal-tam-prd-001',"
gray,dev,gray-rhino-grayrhinoafik-dev-001,afikavd-5_osdisk_1_0e6497678df34f01a733f4d8466231f4,disks,westeurope,13,not attached to a vm,  12 ,,,"'afikavd-5_osdisk_1_0e6497678df34f01a733f4d8466231f4',",,,"'gray-rhino-grayrhinoafik-dev-001',"
pink,prd,pink-cyclamen-crm-prd-001,crm9test_disk1_b8a192c1493849a9844484de5afec43f,disks,westeurope,13,not attached to a vm,  12 ,,,"'crm9test_disk1_b8a192c1493849a9844484de5afec43f',",,,"'pink-cyclamen-crm-prd-001',"
black,prd,black-coal-tam-prd-001,nat-machine1_disk1_a9b5dc35781445999e85f98941b3b3f8,disks,westeurope,13,not attached to a vm,  12 ,,,"'nat-machine1_disk1_a9b5dc35781445999e85f98941b3b3f8',",,,"'black-coal-tam-prd-001',"
black,prd,black-coal-tam-prd-001,dkr-img-puller_osdisk_1_10341228ec7d45ba9d4a562a04e840de,disks,westeurope,13,not attached to a vm,  12 ,,,"'dkr-img-puller_osdisk_1_10341228ec7d45ba9d4a562a04e840de',",,,"'black-coal-tam-prd-001',"
gray,dev,gray-rhino-grayrhinoafik-dev-001,afikavd-6_osdisk_1_2629e32fbc604f5d93ef55849cafd852,disks,westeurope,13,not attached to a vm,  12 ,,,"'afikavd-6_osdisk_1_2629e32fbc604f5d93ef55849cafd852',",,,"'gray-rhino-grayrhinoafik-dev-001',"
turkiz,dev,turkiz-starfish-paasmamram-dev-001,mongoloid,disks,eastus,13,not attached to a vm,  10 ,,,"'mongoloid',",,,"'turkiz-starfish-paasmamram-dev-001',"
turkiz,dev,turkiz-starfish-paasmamram-dev-001,mogolo,disks,eastus,13,not attached to a vm,  10 ,,,"'mogolo',",,,"'turkiz-starfish-paasmamram-dev-001',"
turkiz,dev,turkiz-starfish-evenmit-dev-001,evt-pp-ado-vm_osdisk_1_fbb0c86ac2c043cfb38e7fa173b4667f,disks,israelcentral,13,not attached to a vm,  9 ,,,"'evt-pp-ado-vm_osdisk_1_fbb0c86ac2c043cfb38e7fa173b4667f',",,,"'turkiz-starfish-evenmit-dev-001',"
turkiz,dev,turkiz-starfish-evenmit-dev-001,evt-pp-ado-vm_osdisk_1_7cab3c29a5584f1a8a6e267650e754a3,disks,israelcentral,13,not attached to a vm,  9 ,,,"'evt-pp-ado-vm_osdisk_1_7cab3c29a5584f1a8a6e267650e754a3',",,,"'turkiz-starfish-evenmit-dev-001',"
turkiz,prd,cloudadmin-sharedresources,pavd-host-50_osdisk_1_abd5edbf70644ebead25a8bfa6903f3d,disks,israelcentral,1,not attached to a vm,  9 ,,,"'pavd-host-50_osdisk_1_abd5edbf70644ebead25a8bfa6903f3d',",,,"'cloudadmin-sharedresources',"
turkiz,dev,turkiz-key-bladeforce-dev-001,jenkins_osdisk_1_0cdb6637ea06481081864ea598585d34,disks,uksouth,13,not attached to a vm,  8 ,,,"'jenkins_osdisk_1_0cdb6637ea06481081864ea598585d34',",,,"'turkiz-key-bladeforce-dev-001',"
turkiz,prd,turkiz-starfish-soc60-prd-001,sps-disk-investigation,disks,westeurope,13,not attached to a vm,  7 ,,,"'sps-disk-investigation',",,,"'turkiz-starfish-soc60-prd-001',"
turkiz,prd,turkiz-starfish-soc60-prd-001,callflowdisk2,disks,westeurope,13,not attached to a vm,  7 ,,,"'callflowdisk2',",,,"'turkiz-starfish-soc60-prd-001',"
gray,dev,gray-hippo-iafsod-dev-001,adfs_restore_os,disks,northeurope,13,not attached to a vm,  7 ,,,"'adfs_restore_os',",,,"'gray-hippo-iafsod-dev-001',"
turkiz,prd,turkiz-starfish-soc60-prd-001,hakirot-host-disk2,disks,westeurope,13,not attached to a vm,  7 ,,,"'hakirot-host-disk2',",,,"'turkiz-starfish-soc60-prd-001',"
turkiz,prd,turkiz-starfish-soc60-prd-001,newvmwithps-disk1,disks,westeurope,13,not attached to a vm,  7 ,,,"'newvmwithps-disk1',",,,"'turkiz-starfish-soc60-prd-001',"
turkiz,prd,turkiz-starfish-soc60-prd-001,snapshotdisktomer,disks,westeurope,13,not attached to a vm,  7 ,,,"'snapshotdisktomer',",,,"'turkiz-starfish-soc60-prd-001',"
turkiz,prd,turkiz-starfish-soc60-prd-001,operations_disk1_a4b7bd42942146dc904044fe8f7a5b81,disks,westeurope,13,not attached to a vm,  7 ,,,"'operations_disk1_a4b7bd42942146dc904044fe8f7a5b81',",,,"'turkiz-starfish-soc60-prd-001',"
turkiz,prd,turkiz-starfish-soc60-prd-001,matantest_osdisk_1_2231baafa26c44d4931206845fbbba41,disks,westeurope,13,not attached to a vm,  7 ,,,"'matantest_osdisk_1_2231baafa26c44d4931206845fbbba41',",,,"'turkiz-starfish-soc60-prd-001',"
turkiz,prd,turkiz-starfish-soc60-prd-001,snow-windows--os-disk,disks,westeurope,13,not attached to a vm,  7 ,,,"'snow-windows--os-disk',",,,"'turkiz-starfish-soc60-prd-001',"
turkiz,prd,turkiz-starfish-soc60-prd-001,dockerchats-data-disk,disks,westeurope,13,not attached to a vm,  7 ,,,"'dockerchats-data-disk',",,,"'turkiz-starfish-soc60-prd-001',"
gray,dev,gray-hippo-iafsod-dev-001,addc_restore_os,disks,northeurope,13,not attached to a vm,  7 ,,,"'addc_restore_os',",,,"'gray-hippo-iafsod-dev-001',"
turkiz,dev,turkiz-starfish-semca-dev-001,c-viewserver_osdisk_1_04b4bb8f7fb54b41963a7e55753dbf2d,disks,westeurope,13,not attached to a vm,  7 ,,,"'c-viewserver_osdisk_1_04b4bb8f7fb54b41963a7e55753dbf2d',",,,"'turkiz-starfish-semca-dev-001',"
olive,dev,olive-hina-maabedetmeamnim01-dev-001,startrek_lun_0_2_38a0ea3df57745d7826a313a90c7f4e5,disks,westeurope,13,not attached to a vm,  7 ,,,"'startrek_lun_0_2_38a0ea3df57745d7826a313a90c7f4e5',",,,"'olive-hina-maabedetmeamnim01-dev-001',"
turkiz,prd,turkiz-starfish-soc60-prd-001,callflowdisk,disks,westeurope,13,not attached to a vm,  7 ,,,"'callflowdisk',",,,"'turkiz-starfish-soc60-prd-001',"
gray,dev,gray-hippo-iafsod-dev-001,exch_restore_os,disks,northeurope,13,not attached to a vm,  7 ,,,"'exch_restore_os',",,,"'gray-hippo-iafsod-dev-001',"
turkiz,dev,turkiz-key-bladeforce-dev-001,newsky_osdisk_1_99418d9f83d74b0bb06c26466255a2ea,disks,germanywestcentral,13,not attached to a vm,  7 ,,,"'newsky_osdisk_1_99418d9f83d74b0bb06c26466255a2ea',",,,"'turkiz-key-bladeforce-dev-001',"
turkiz,prd,turkiz-starfish-soc60-prd-001,sysdigfwrd2_disk1_f18f941568464bab9b19e63a78321117,disks,westeurope,13,not attached to a vm,  7 ,,,"'sysdigfwrd2_disk1_f18f941568464bab9b19e63a78321117',",,,"'turkiz-starfish-soc60-prd-001',"
turkiz,prd,turkiz-starfish-soc60-prd-001,moshikoshit,disks,westeurope,13,not attached to a vm,  7 ,,,"'moshikoshit',",,,"'turkiz-starfish-soc60-prd-001',"
olive,dev,olive-oil-amitpatzan-dev-001,projects-server_disk1_5af70699560e45a89efb65348d70ee7d,disks,westeurope,13,not attached to a vm,  7 ,,,"'projects-server_disk1_5af70699560e45a89efb65348d70ee7d',",,,"'olive-oil-amitpatzan-dev-001',"
turkiz,dev,turkiz-key-bladeforce-dev-001,cloudera-dev3_osdisk_1_0f2bf9d005284c1b99481fa516be10ca,disks,germanywestcentral,13,not attached to a vm,  7 ,,,"'cloudera-dev3_osdisk_1_0f2bf9d005284c1b99481fa516be10ca',",,,"'turkiz-key-bladeforce-dev-001',"
yellow,prd,yellow-corn-dvr-prd-002,idf-transcription-vm-channel-01_disk1_bb0f7b512c4d4a579d5f332b7072cbcb,disks,westeurope,13,not attached to a vm,  7 ,,,"'idf-transcription-vm-channel-01_disk1_bb0f7b512c4d4a579d5f332b7072cbcb',",,,"'yellow-corn-dvr-prd-002',"
turkiz,prd,turkiz-starfish-soc60-prd-001,profilemachine_disk1_07d2fe27d89b424fa57eecb8e7a616e2,disks,westeurope,13,not attached to a vm,  7 ,,,"'profilemachine_disk1_07d2fe27d89b424fa57eecb8e7a616e2',",,,"'turkiz-starfish-soc60-prd-001',"
turkiz,dev,turkiz-key-bladeforce-dev-001,app1_osdisk_1_e89582943ac447be87b66b5d6239a194,disks,germanywestcentral,13,not attached to a vm,  7 ,,,"'app1_osdisk_1_e89582943ac447be87b66b5d6239a194',",,,"'turkiz-key-bladeforce-dev-001',"
turkiz,dev,turkiz-starfish-shahar-dev-001,cpr_osdisk_1_7f58e6e6965445ff92b85b4427bdd65d,disks,westeurope,13,not attached to a vm,  7 ,,,"'cpr_osdisk_1_7f58e6e6965445ff92b85b4427bdd65d',",,,"'turkiz-starfish-shahar-dev-001',"
turkiz,dev,turkiz-starfish-shahar-dev-001,containervm_osdisk_1_74b3111f209346f79bcbe1ea4561e3d1,disks,westeurope,13,not attached to a vm,  7 ,,,"'containervm_osdisk_1_74b3111f209346f79bcbe1ea4561e3d1',",,,"'turkiz-starfish-shahar-dev-001',"
olive,dev,olive-oil-amitpatzan-dev-001,smartbasebackend_osdisk_1_72ca9a0a3b2043489b537b0ef702786b,disks,westeurope,13,not attached to a vm,  7 ,,,"'smartbasebackend_osdisk_1_72ca9a0a3b2043489b537b0ef702786b',",,,"'olive-oil-amitpatzan-dev-001',"
turkiz,prd,turkiz-starfish-soc60-prd-001,campus-inv-test,disks,westeurope,13,not attached to a vm,  7 ,,,"'campus-inv-test',",,,"'turkiz-starfish-soc60-prd-001',"
pink,prd,pink-flamingo-galatzarcive-prd-001,cloud-restore-instance-account-xiy5zrw6_os__1_4e58ecbdce6c4f74924b76252649970d,disks,westeurope,13,not attached to a vm,  7 ,,,"'cloud-restore-instance-account-xiy5zrw6_os__1_4e58ecbdce6c4f74924b76252649970d',",,,"'pink-flamingo-galatzarcive-prd-001',"
turkiz,dev,turkiz-starfish-paasmamram-dev-001,centmos_osdisk_1_2e45b6c23700431fb600b5d5a27939f6,disks,westeurope,13,not attached to a vm,  7 ,,,"'centmos_osdisk_1_2e45b6c23700431fb600b5d5a27939f6',",,,"'turkiz-starfish-paasmamram-dev-001',"
turkiz,prd,turkiz-starfish-soc60-prd-001,dod-suspect_disk1_45f4f4ac112c40f39e5c487916f39a4c,disks,westeurope,13,not attached to a vm,  7 ,,,"'dod-suspect_disk1_45f4f4ac112c40f39e5c487916f39a4c',",,,"'turkiz-starfish-soc60-prd-001',"
turkiz,dev,turkiz-key-bladeforce-dev-001,gitlab-runner-windows_datadisk_0,disks,germanywestcentral,13,not attached to a vm,  7 ,,,"'gitlab-runner-windows_datadisk_0',",,,"'turkiz-key-bladeforce-dev-001',"
turkiz,prd,turkiz-starfish-soc60-prd-001,suspectvm-dod,disks,westeurope,13,not attached to a vm,  7 ,,,"'suspectvm-dod',",,,"'turkiz-starfish-soc60-prd-001',"
olive,dev,olive-oil-amitpatzan-dev-001,smartbasestaging_osdisk_1_f84df7bf02a94120b9b8057e918e3322,disks,westeurope,13,not attached to a vm,  7 ,,,"'smartbasestaging_osdisk_1_f84df7bf02a94120b9b8057e918e3322',",,,"'olive-oil-amitpatzan-dev-001',"
olive,dev,olive-oil-amitpatzan-dev-001,smartbasefrontendtest_osdisk_1_3020e1fdd2934d6da6624c866b7e8cb7,disks,westeurope,13,not attached to a vm,  7 ,,,"'smartbasefrontendtest_osdisk_1_3020e1fdd2934d6da6624c866b7e8cb7',",,,"'olive-oil-amitpatzan-dev-001',"
olive,dev,olive-oil-amitpatzan-dev-001,smartbasebackend_datadisk_0,disks,westeurope,13,not attached to a vm,  7 ,,,"'smartbasebackend_datadisk_0',",,,"'olive-oil-amitpatzan-dev-001',"
olive,dev,olive-hina-maabedetmeamnim01-dev-001,testvm_disk1_b8fe7f59176b4193bb026bc624b16c6a,disks,westeurope,13,not attached to a vm,  7 ,,,"'testvm_disk1_b8fe7f59176b4193bb026bc624b16c6a',",,,"'olive-hina-maabedetmeamnim01-dev-001',"
turkiz,prd,turkiz-starfish-tar-prd-001,analytics_osdisk_1_c39e5f209b46485193bf2db8f2ea1fb3,disks,westeurope,13,not attached to a vm,  7 ,,,"'analytics_osdisk_1_c39e5f209b46485193bf2db8f2ea1fb3',",,,"'turkiz-starfish-tar-prd-001',"
olive,dev,olive-hina-maabedetmeamnim01-dev-001,idfitness-test_disk1_bbac43fa63c84e70bb4d72b403ed91dd,disks,westeurope,13,not attached to a vm,  7 ,,,"'idfitness-test_disk1_bbac43fa63c84e70bb4d72b403ed91dd',",,,"'olive-hina-maabedetmeamnim01-dev-001',"
turkiz,tst,turkiz-starfish-tpaas-tst-001,yuv_osdisk_1_4dff12ed2c634ddb969b69a38a9fdb66,disks,germanywestcentral,13,not attached to a vm,  7 ,,,"'yuv_osdisk_1_4dff12ed2c634ddb969b69a38a9fdb66',",,,"'turkiz-starfish-tpaas-tst-001',"
turkiz,dev,turkiz-starfish-paasmam-dev-001,delete-me_osdisk_1_b6dfe8a5f43a4d068b1f3e314e89852b,disks,centralus,13,not attached to a vm,  7 ,,,"'delete-me_osdisk_1_b6dfe8a5f43a4d068b1f3e314e89852b',",,,"'turkiz-starfish-paasmam-dev-001',"
turkiz,prd,turkiz-starfish-soc60-prd-001,az-jitsi3-shared-disk,disks,eastus,13,not attached to a vm,  7 ,,,"'az-jitsi3-shared-disk',",,,"'turkiz-starfish-soc60-prd-001',"
turkiz,dev,turkiz-starfish-paasmamram-dev-001,maayanvm_osdisk_1_00f3cde84fe7410e9a6f5648378a6225,disks,eastus,13,not attached to a vm,  7 ,,,"'maayanvm_osdisk_1_00f3cde84fe7410e9a6f5648378a6225',",,,"'turkiz-starfish-paasmamram-dev-001',"
turkiz,dev,turkiz-starfish-metadata-dev-001,gpu-test_osdisk_1_e771a7a8a96942c3806a3441cae60738,disks,westus,13,not attached to a vm,  7 ,,,"'gpu-test_osdisk_1_e771a7a8a96942c3806a3441cae60738',",,,"'turkiz-starfish-metadata-dev-001',"
turkiz,prd,turkiz-starfish-soc60-prd-001,sysdigfwrd_disk1_8f7ec025391e4524987310ec9473c6ea,disks,eastus,13,not attached to a vm,  7 ,,,"'sysdigfwrd_disk1_8f7ec025391e4524987310ec9473c6ea',",,,"'turkiz-starfish-soc60-prd-001',"
turkiz,prd,turkiz-starfish-soc60-prd-001,randomssh_osdisk_1_7b22534205cb4f53aaad5f4412dd1a93,disks,eastus,13,not attached to a vm,  7 ,,,"'randomssh_osdisk_1_7b22534205cb4f53aaad5f4412dd1a93',",,,"'turkiz-starfish-soc60-prd-001',"
gray,dev,gray-hippo-iafsod-dev-001,arosod-qnbzh-dynamic-pvc-0017b63e-a748-44b3-b8b3-931c663c9e8b,disks,northeurope,13,not attached to a vm,  7 ,,,"'arosod-qnbzh-dynamic-pvc-0017b63e-a748-44b3-b8b3-931c663c9e8b',",,,"'gray-hippo-iafsod-dev-001',"
turkiz,prd,turkiz-starfish-tar-prd-001,disk1,disks,eastus,13,not attached to a vm,  7 ,,,"'disk1',",,,"'turkiz-starfish-tar-prd-001',"
turkiz,dev,turkiz-starfish-paasmamram-dev-001,maayankube_disk1_6e603653bbd04fef996d75d6206d23f9,disks,eastus,13,not attached to a vm,  7 ,,,"'maayankube_disk1_6e603653bbd04fef996d75d6206d23f9',",,,"'turkiz-starfish-paasmamram-dev-001',"
turkiz,prd,turkiz-starfish-soc60-prd-001,randomvm_osdisk_1_27d7d4db650343c288e4239039013ebf,disks,eastus,13,not attached to a vm,  7 ,,,"'randomvm_osdisk_1_27d7d4db650343c288e4239039013ebf',",,,"'turkiz-starfish-soc60-prd-001',"
turkiz,dev,turkiz-starfish-paasmamram-dev-001,kubemos_osdisk_1_37080154e9014bb19ffecf7cbfc43edf,disks,eastus,13,not attached to a vm,  7 ,,,"'kubemos_osdisk_1_37080154e9014bb19ffecf7cbfc43edf',",,,"'turkiz-starfish-paasmamram-dev-001',"
turkiz,dev,turkiz-starfish-paasmamram-dev-001,rhel8test_osdisk_1_8e13e33a7a6546db92457cf7e6d388e1,disks,westeurope,13,not attached to a vm,  6 ,,,"'rhel8test_osdisk_1_8e13e33a7a6546db92457cf7e6d388e1',",,,"'turkiz-starfish-paasmamram-dev-001',"
turkiz,tst,turkiz-starfish-tpaas-tst-001,passrhel8.5_osdisk_1_47e86453721549ada7358e139e2a3b70,disks,centralus,13,not attached to a vm,  6 ,,,"'passrhel8.5_osdisk_1_47e86453721549ada7358e139e2a3b70',",,,"'turkiz-starfish-tpaas-tst-001',"
turkiz,dev,turkiz-key-bladeforce-dev-001,mydisk,disks,germanywestcentral,13,not attached to a vm,  6 ,,,"'mydisk',",,,"'turkiz-key-bladeforce-dev-001',"
turkiz,dev,turkiz-starfish-paasmamram-dev-001,datacluster-f8mdw-dynamic-pvc-8f995b54-92c6-44ca-bd0c-ab594b461034,disks,westeurope,13,not attached to a vm,  4 ,,,"'datacluster-f8mdw-dynamic-pvc-8f995b54-92c6-44ca-bd0c-ab594b461034',",,,"'turkiz-starfish-paasmamram-dev-001',"
turkiz,dev,turkiz-starfish-paasmamram-dev-001,datacluster-f8mdw-dynamic-pvc-5f63e03a-acfc-4dda-82e9-146a29bd665e,disks,westeurope,13,not attached to a vm,  4 ,,,"'datacluster-f8mdw-dynamic-pvc-5f63e03a-acfc-4dda-82e9-146a29bd665e',",,,"'turkiz-starfish-paasmamram-dev-001',"
turkiz,dev,turkiz-starfish-paasmamram-dev-001,datacluster-f8mdw-dynamic-pvc-906d5040-5b5e-4fbc-a181-a0e57f0efeef,disks,westeurope,13,not attached to a vm,  4 ,,,"'datacluster-f8mdw-dynamic-pvc-906d5040-5b5e-4fbc-a181-a0e57f0efeef',",,,"'turkiz-starfish-paasmamram-dev-001',"
turkiz,dev,turkiz-starfish-paasmamram-dev-001,datacluster-f8mdw-dynamic-pvc-4b276aeb-eb5a-4a91-962b-51d787a32aad,disks,westeurope,13,not attached to a vm,  4 ,,,"'datacluster-f8mdw-dynamic-pvc-4b276aeb-eb5a-4a91-962b-51d787a32aad',",,,"'turkiz-starfish-paasmamram-dev-001',"
turkiz,dev,turkiz-starfish-paasmamram-dev-001,datacluster-f8mdw-dynamic-pvc-58153302-601f-45cd-b7f7-f228e1f2a29b,disks,westeurope,13,not attached to a vm,  4 ,,,"'datacluster-f8mdw-dynamic-pvc-58153302-601f-45cd-b7f7-f228e1f2a29b',",,,"'turkiz-starfish-paasmamram-dev-001',"
turkiz,dev,turkiz-starfish-paasmamram-dev-001,datacluster-f8mdw-dynamic-pvc-b78635bd-502d-42c9-a4c6-25c548b8379e,disks,westeurope,13,not attached to a vm,  4 ,,,"'datacluster-f8mdw-dynamic-pvc-b78635bd-502d-42c9-a4c6-25c548b8379e',",,,"'turkiz-starfish-paasmamram-dev-001',"
turkiz,dev,turkiz-starfish-paasmamram-dev-001,datacluster-f8mdw-dynamic-pvc-49b03aa1-3ae4-4771-9d45-6c0ec3741289,disks,westeurope,13,not attached to a vm,  4 ,,,"'datacluster-f8mdw-dynamic-pvc-49b03aa1-3ae4-4771-9d45-6c0ec3741289',",,,"'turkiz-starfish-paasmamram-dev-001',"
turkiz,prd,turkiz-starfish-soc60-prd-001,tools1,disks,westeurope,13,not attached to a vm,  4 ,,,"'tools1',",,,"'turkiz-starfish-soc60-prd-001',"
turkiz,dev,turkiz-starfish-paasmamram-dev-001,datacluster-f8mdw-dynamic-pvc-ca1269c8-c205-434f-8079-7ad8f1c5078b,disks,westeurope,13,not attached to a vm,  4 ,,,"'datacluster-f8mdw-dynamic-pvc-ca1269c8-c205-434f-8079-7ad8f1c5078b',",,,"'turkiz-starfish-paasmamram-dev-001',"
turkiz,dev,turkiz-starfish-paasmamram-dev-001,datacluster-f8mdw-dynamic-pvc-98039ca8-f85c-4b0c-9394-f720a8995ad6,disks,westeurope,13,not attached to a vm,  4 ,,,"'datacluster-f8mdw-dynamic-pvc-98039ca8-f85c-4b0c-9394-f720a8995ad6',",,,"'turkiz-starfish-paasmamram-dev-001',"
turkiz,dev,turkiz-starfish-paasmamram-dev-001,datacluster-f8mdw-dynamic-pvc-4521bfd8-40dd-4e65-932e-edc23581287f,disks,westeurope,13,not attached to a vm,  4 ,,,"'datacluster-f8mdw-dynamic-pvc-4521bfd8-40dd-4e65-932e-edc23581287f',",,,"'turkiz-starfish-paasmamram-dev-001',"
turkiz,dev,turkiz-starfish-paasmamram-dev-001,datacluster-f8mdw-dynamic-pvc-5cf80c7d-ce36-42f5-bfd6-9c012b380870,disks,westeurope,13,not attached to a vm,  4 ,,,"'datacluster-f8mdw-dynamic-pvc-5cf80c7d-ce36-42f5-bfd6-9c012b380870',",,,"'turkiz-starfish-paasmamram-dev-001',"
turkiz,dev,turkiz-starfish-paasmamram-dev-001,datacluster-f8mdw-dynamic-pvc-16e0c767-92fa-4b75-8ea0-a452606b2d84,disks,westeurope,13,not attached to a vm,  4 ,,,"'datacluster-f8mdw-dynamic-pvc-16e0c767-92fa-4b75-8ea0-a452606b2d84',",,,"'turkiz-starfish-paasmamram-dev-001',"
turkiz,dev,turkiz-starfish-paasmamram-dev-001,datacluster-f8mdw-dynamic-pvc-84875893-bea9-4277-afcd-f5a682c57935,disks,westeurope,13,not attached to a vm,  4 ,,,"'datacluster-f8mdw-dynamic-pvc-84875893-bea9-4277-afcd-f5a682c57935',",,,"'turkiz-starfish-paasmamram-dev-001',"
gray,dev,gray-hippo-iafsod-dev-001,pvc-79057b09-aab7-4880-ab22-e92c4c15fbe0,disks,northeurope,13,not attached to a vm,  4 ,,,"'pvc-79057b09-aab7-4880-ab22-e92c4c15fbe0',",,,"'gray-hippo-iafsod-dev-001',"
gray,dev,gray-hippo-iafsod-dev-001,pvc-954077ac-fbc6-4443-a002-b45c6cda73a1,disks,northeurope,13,not attached to a vm,  4 ,,,"'pvc-954077ac-fbc6-4443-a002-b45c6cda73a1',",,,"'gray-hippo-iafsod-dev-001',"
turkiz,prd,turkiz-starfish-soc60-prd-001,chatbotdisk,disks,westeurope,13,not attached to a vm,  4 ,,,"'chatbotdisk',",,,"'turkiz-starfish-soc60-prd-001',"
turkiz,dev,turkiz-starfish-semca-dev-001,vault_datadisk_0,disks,eastus2,13,not attached to a vm,  4 ,,,"'vault_datadisk_0',",,,"'turkiz-starfish-semca-dev-001',"
turkiz,prd,turkiz-starfish-soc60-prd-001,chatbotcopydisk,disks,westeurope,13,not attached to a vm,  4 ,,,"'chatbotcopydisk',",,,"'turkiz-starfish-soc60-prd-001',"
gray,dev,gray-hippo-iafsod-dev-001,pvc-73609c64-f8b6-4e33-a265-93a77f15d6dd,disks,northeurope,13,not attached to a vm,  4 ,,,"'pvc-73609c64-f8b6-4e33-a265-93a77f15d6dd',",,,"'gray-hippo-iafsod-dev-001',"
gray,dev,gray-hippo-iafsod-dev-001,pvc-89378728-f6d4-4c32-a562-1cc6b27008bb,disks,northeurope,13,not attached to a vm,  4 ,,,"'pvc-89378728-f6d4-4c32-a562-1cc6b27008bb',",,,"'gray-hippo-iafsod-dev-001',"
gray,dev,gray-hippo-iafsod-dev-001,pvc-c778f40f-3321-4913-956b-6e438250be70,disks,northeurope,13,not attached to a vm,  4 ,,,"'pvc-c778f40f-3321-4913-956b-6e438250be70',",,,"'gray-hippo-iafsod-dev-001',"
turkiz,prd,turkiz-starfish-soc60-prd-001,yumtest_osdisk_1_48208b373e8a4b92befb095033a8a3b9,disks,westeurope,13,not attached to a vm,  4 ,,,"'yumtest_osdisk_1_48208b373e8a4b92befb095033a8a3b9',",,,"'turkiz-starfish-soc60-prd-001',"
gray,dev,gray-hippo-iafsod-dev-001,pvc-5e2b7801-4959-49ec-b3b2-b992320b4342,disks,northeurope,13,not attached to a vm,  4 ,,,"'pvc-5e2b7801-4959-49ec-b3b2-b992320b4342',",,,"'gray-hippo-iafsod-dev-001',"
olive,dev,olive-hina-maabedetmeamnim01-dev-001,startrek_osdisk_1_b375ca8ce2e1462192f58dc01ea96b02,disks,westeurope,13,not attached to a vm,  4 ,,,"'startrek_osdisk_1_b375ca8ce2e1462192f58dc01ea96b02',",,,"'olive-hina-maabedetmeamnim01-dev-001',"
turkiz,dev,turkiz-starfish-semca-dev-001,pvwa_datadisk_0,disks,eastus2,13,not attached to a vm,  4 ,,,"'pvwa_datadisk_0',",,,"'turkiz-starfish-semca-dev-001',"
turkiz,prd,turkiz-starfish-soc60-prd-001,profiledisk,disks,westeurope,13,not attached to a vm,  4 ,,,"'profiledisk',",,,"'turkiz-starfish-soc60-prd-001',"
turkiz,prd,turkiz-starfish-soc60-prd-001,fwfwrd_osdisk_1_bc590f91fa1b48fea5da95d367b89537,disks,westeurope,13,not attached to a vm,  3 ,,,"'fwfwrd_osdisk_1_bc590f91fa1b48fea5da95d367b89537',",,,"'turkiz-starfish-soc60-prd-001',"
turkiz,dev,turkiz-key-bladeforce-dev-001,monster_osdisk_1_320638740cda4a8581014018d0db84bc,disks,germanywestcentral,13,not attached to a vm,  3 ,,,"'monster_osdisk_1_320638740cda4a8581014018d0db84bc',",,,"'turkiz-key-bladeforce-dev-001',"
turkiz,prd,turkiz-starfish-soc60-prd-001,checkpointfwrd_osdisk_1_546c9f1ca4c74a41be05bc210e237b6b,disks,westeurope,13,not attached to a vm,  3 ,,,"'checkpointfwrd_osdisk_1_546c9f1ca4c74a41be05bc210e237b6b',",,,"'turkiz-starfish-soc60-prd-001',"
turkiz,dev,turkiz-starfish-paasmamram-dev-001,pvc-242ce7c5-67d6-4176-a10a-fd45b45afea5,disks,eastus,13,not attached to a vm,  3 ,,,"'pvc-242ce7c5-67d6-4176-a10a-fd45b45afea5',",,,"'turkiz-starfish-paasmamram-dev-001',"
turkiz,dev,turkiz-starfish-paasmamram-dev-001,rhel8test_datadisk_0,disks,westeurope,13,not attached to a vm,  3 ,,,"'rhel8test_datadisk_0',",,,"'turkiz-starfish-paasmamram-dev-001',"
turkiz,prd,turkiz-starfish-soc60-prd-001,dependencyagenttest_osdisk_1_300eef217e664ebcb79d25743d069fe3,disks,westeurope,13,not attached to a vm,  3 ,,,"'dependencyagenttest_osdisk_1_300eef217e664ebcb79d25743d069fe3',",,,"'turkiz-starfish-soc60-prd-001',"
turkiz,dev,turkiz-starfish-paasmamram-dev-001,pvc-449e1040-6ba1-4649-a9f2-e2a65c14c6a2,disks,eastus,13,not attached to a vm,  3 ,,,"'pvc-449e1040-6ba1-4649-a9f2-e2a65c14c6a2',",,,"'turkiz-starfish-paasmamram-dev-001',"
turkiz,dev,turkiz-starfish-paasmamram-dev-001,olm,disks,eastus,13,not attached to a vm,  3 ,,,"'olm',",,,"'turkiz-starfish-paasmamram-dev-001',"
turkiz,dev,turkiz-starfish-paasmamram-dev-001,oracle_datadisk_0,disks,eastus,13,not attached to a vm,  3 ,,,"'oracle_datadisk_0',",,,"'turkiz-starfish-paasmamram-dev-001',"
turkiz,dev,turkiz-starfish-paasmamram-dev-001,olm-mongo,disks,eastus,13,not attached to a vm,  3 ,,,"'olm-mongo',",,,"'turkiz-starfish-paasmamram-dev-001',"
turkiz,tst,turkiz-starfish-tpaas-tst-001,q,disks,westeurope,13,not attached to a vm,  2 ,,,"'q',",,,"'turkiz-starfish-tpaas-tst-001',"
turkiz,dev,turkiz-starfish-paasmamram-dev-001,datacluster-f8mdw-dynamic-pvc-5136e18b-df37-42ae-b9a3-6a4b7a19c0a0,disks,westeurope,13,not attached to a vm,  2 ,,,"'datacluster-f8mdw-dynamic-pvc-5136e18b-df37-42ae-b9a3-6a4b7a19c0a0',",,,"'turkiz-starfish-paasmamram-dev-001',"
turkiz,dev,turkiz-starfish-paasmamram-dev-001,datacluster-f8mdw-dynamic-pvc-2ff138f1-4f56-42a4-930e-c6ae14c12e1f,disks,westeurope,13,not attached to a vm,  2 ,,,"'datacluster-f8mdw-dynamic-pvc-2ff138f1-4f56-42a4-930e-c6ae14c12e1f',",,,"'turkiz-starfish-paasmamram-dev-001',"
gray,dev,gray-hippo-iafsod-dev-001,pvc-96a126ef-93e3-41cd-a748-733b4a4ff1d5,disks,northeurope,13,not attached to a vm,  2 ,,,"'pvc-96a126ef-93e3-41cd-a748-733b4a4ff1d5',",,,"'gray-hippo-iafsod-dev-001',"
turkiz,prd,turkiz-starfish-soc60-prd-001,azvmdisk,disks,eastus,13,not attached to a vm,  2 ,,,"'azvmdisk',",,,"'turkiz-starfish-soc60-prd-001',"
turkiz,prd,turkiz-starfish-tar-prd-001,kubernetes-dynamic-pvc-b0d733ed-03c8-11e9-969c-3a51e04f2560,disks,eastus,13,not attached to a vm,  2 ,,,"'kubernetes-dynamic-pvc-b0d733ed-03c8-11e9-969c-3a51e04f2560',",,,"'turkiz-starfish-tar-prd-001',"
gray,dev,gray-hippo-iafsod-dev-001,pvc-bbe3a655-4005-419b-9bd7-1a45d853f632,disks,northeurope,13,not attached to a vm,  2 ,,,"'pvc-bbe3a655-4005-419b-9bd7-1a45d853f632',",,,"'gray-hippo-iafsod-dev-001',"
turkiz,prd,turkiz-starfish-tar-prd-001,kubernetes-dynamic-pvc-400b4ff6-03cb-11e9-969c-3a51e04f2560,disks,eastus,13,not attached to a vm,  2 ,,,"'kubernetes-dynamic-pvc-400b4ff6-03cb-11e9-969c-3a51e04f2560',",,,"'turkiz-starfish-tar-prd-001',"
turkiz,dev,turkiz-key-bladeforce-dev-001,pvc-e5a92256-d39b-4eb8-87c6-4e4c65979089,disks,eastus,13,not attached to a vm,  2 ,,,"'pvc-e5a92256-d39b-4eb8-87c6-4e4c65979089',",,,"'turkiz-key-bladeforce-dev-001',"
turkiz,prd,turkiz-starfish-hak-prd-001,openshift2_osdisk_1_b24e8bc0ab4b4a23b950ccc04dc93fca,disks,eastus,13,not attached to a vm,  2 ,,,"'openshift2_osdisk_1_b24e8bc0ab4b4a23b950ccc04dc93fca',",,,"'turkiz-starfish-hak-prd-001',"
gray,dev,gray-hippo-iafsod-dev-001,sodtest1_osdisk_1_ea662df3ca45473bac5296023f8da0d2,disks,northeurope,13,not attached to a vm,  2 ,,,"'sodtest1_osdisk_1_ea662df3ca45473bac5296023f8da0d2',",,,"'gray-hippo-iafsod-dev-001',"
turkiz,dev,turkiz-key-bladeforce-dev-001,pvc-3773d8aa-6d02-4f5c-b206-fc45df333f76,disks,eastus,13,not attached to a vm,  2 ,,,"'pvc-3773d8aa-6d02-4f5c-b206-fc45df333f76',",,,"'turkiz-key-bladeforce-dev-001',"
gray,dev,gray-hippo-iafsod-dev-001,addc_restore_data,disks,northeurope,13,not attached to a vm,  2 ,,,"'addc_restore_data',",,,"'gray-hippo-iafsod-dev-001',"
turkiz,dev,turkiz-starfish-paasmamram-dev-001,data-disk,disks,westeurope,13,not attached to a vm,  2 ,,,"'data-disk',",,,"'turkiz-starfish-paasmamram-dev-001',"
turkiz,prd,turkiz-starfish-soc60-prd-001,check-2-campus,disks,westeurope,13,not attached to a vm,  2 ,,,"'check-2-campus',",,,"'turkiz-starfish-soc60-prd-001',"
turkiz,prd,turkiz-starfish-tar-prd-001,kubernetes-dynamic-pvc-0d3222c4-03cb-11e9-969c-3a51e04f2560,disks,eastus,13,not attached to a vm,  2 ,,,"'kubernetes-dynamic-pvc-0d3222c4-03cb-11e9-969c-3a51e04f2560',",,,"'turkiz-starfish-tar-prd-001',"
turkiz,prd,turkiz-starfish-soc60-prd-001,snapshot,disks,centralus,13,not attached to a vm,  2 ,,,"'snapshot',",,,"'turkiz-starfish-soc60-prd-001',"
turkiz,dev,turkiz-key-bladeforce-dev-001,pvc-e3d1bde2-225c-49b7-b69c-fc57c8d242c3,disks,eastus,13,not attached to a vm,  2 ,,,"'pvc-e3d1bde2-225c-49b7-b69c-fc57c8d242c3',",,,"'turkiz-key-bladeforce-dev-001',"
gray,dev,gray-hippo-iafsod-dev-001,pvc-cb39fa1f-2610-47dc-9e19-146d07df4379,disks,northeurope,13,not attached to a vm,  2 ,,,"'pvc-cb39fa1f-2610-47dc-9e19-146d07df4379',",,,"'gray-hippo-iafsod-dev-001',"
turkiz,prd,cloudadmin-sharedresources,simon-disk,disks,westeurope,13,not attached to a vm,  2 ,,,"'simon-disk',",,,"'cloudadmin-sharedresources',"
pink,prd,pink-flamingo-m88-prd-001,androidmdm_osdisk_1_14b9baf5b8024b1296803edf0a78dc4a,disks,westus2,13,not attached to a vm,  2 ,,,"'androidmdm_osdisk_1_14b9baf5b8024b1296803edf0a78dc4a',",,,"'pink-flamingo-m88-prd-001',"
turkiz,prd,turkiz-starfish-soc60-prd-001,dockerchats-evid-disk,disks,westeurope,13,not attached to a vm,  2 ,,,"'dockerchats-evid-disk',",,,"'turkiz-starfish-soc60-prd-001',"
turkiz,dev,turkiz-starfish-semca-dev-001,haproxy_osdisk_1_7d45da4b4b0249d4aef78a496a8fa6fa,disks,eastus2,13,not attached to a vm,  2 ,,,"'haproxy_osdisk_1_7d45da4b4b0249d4aef78a496a8fa6fa',",,,"'turkiz-starfish-semca-dev-001',"
turkiz,prd,cloudadmin-sharedresources,simon-disk2,disks,westeurope,13,not attached to a vm,  2 ,,,"'simon-disk2',",,,"'cloudadmin-sharedresources',"
turkiz,dev,turkiz-key-bladeforce-dev-001,pvc-2322c332-7eb0-4469-badf-cce31d4a0690,disks,eastus,13,not attached to a vm,  2 ,,,"'pvc-2322c332-7eb0-4469-badf-cce31d4a0690',",,,"'turkiz-key-bladeforce-dev-001',"
turkiz,dev,turkiz-starfish-semca-dev-001,jumpbox_osdisk_1_a8add38561ce48f0abd27860d6b816ce,disks,eastus2,13,not attached to a vm,  2 ,,,"'jumpbox_osdisk_1_a8add38561ce48f0abd27860d6b816ce',",,,"'turkiz-starfish-semca-dev-001',"
turkiz,prd,turkiz-starfish-tar-prd-001,kubernetes-dynamic-pvc-c05f0966-03cb-11e9-969c-3a51e04f2560,disks,eastus,13,not attached to a vm,  2 ,,,"'kubernetes-dynamic-pvc-c05f0966-03cb-11e9-969c-3a51e04f2560',",,,"'turkiz-starfish-tar-prd-001',"
turkiz,dev,turkiz-starfish-metadata-dev-001,ocp-blackedition-hcq4w-dynamic-pvc-1ce7e8c8-39d7-48e1-a495-30231c3ffe6a,disks,northeurope,13,not attached to a vm,  2 ,,,"'ocp-blackedition-hcq4w-dynamic-pvc-1ce7e8c8-39d7-48e1-a495-30231c3ffe6a',",,,"'turkiz-starfish-metadata-dev-001',"
turkiz,dev,turkiz-starfish-metadata-dev-001,ocp-blackedition-hcq4w-dynamic-pvc-d7e58857-d93b-4a8d-b6a6-df4f194b6750,disks,northeurope,13,not attached to a vm,  2 ,,,"'ocp-blackedition-hcq4w-dynamic-pvc-d7e58857-d93b-4a8d-b6a6-df4f194b6750',",,,"'turkiz-starfish-metadata-dev-001',"
turkiz,dev,turkiz-starfish-metadata-dev-001,ocp-blackedition-hcq4w-dynamic-pvc-72e3667c-05dc-40bc-95f3-c24a7948f4e9,disks,northeurope,13,not attached to a vm,  2 ,,,"'ocp-blackedition-hcq4w-dynamic-pvc-72e3667c-05dc-40bc-95f3-c24a7948f4e9',",,,"'turkiz-starfish-metadata-dev-001',"
turkiz,dev,turkiz-starfish-paasmamram-dev-001,pvc-e9c9df02-d5f7-4caa-80e1-77e374b6cb4b,disks,eastus,6,not attached to a vm,  2 ,,,"'pvc-e9c9df02-d5f7-4caa-80e1-77e374b6cb4b',",,,"'turkiz-starfish-paasmamram-dev-001',"
turkiz,dev,turkiz-starfish-paasmamram-dev-001,pvc-68c0f9ab-60db-4db9-9a95-b1c3de6a7e91,disks,westeurope,13,not attached to a vm,  2 ,,,"'pvc-68c0f9ab-60db-4db9-9a95-b1c3de6a7e91',",,,"'turkiz-starfish-paasmamram-dev-001',"
turkiz,prd,turkiz-starfish-tar-prd-001,pvc-295da16f-b3f6-4c98-ab50-890e3c97fb76,disks,eastus,13,not attached to a vm,  2 ,,,"'pvc-295da16f-b3f6-4c98-ab50-890e3c97fb76',",,,"'turkiz-starfish-tar-prd-001',"
turkiz,dev,turkiz-starfish-paasmamram-dev-001,pvc-2f170682-4ae3-4bb9-9e61-966c3656527b,disks,westeurope,13,not attached to a vm,  2 ,,,"'pvc-2f170682-4ae3-4bb9-9e61-966c3656527b',",,,"'turkiz-starfish-paasmamram-dev-001',"
turkiz,dev,turkiz-starfish-paasmamram-dev-001,pvc-55f80fb3-5920-4da4-a762-59bf0297e11e,disks,westeurope,13,not attached to a vm,  2 ,,,"'pvc-55f80fb3-5920-4da4-a762-59bf0297e11e',",,,"'turkiz-starfish-paasmamram-dev-001',"
turkiz,dev,turkiz-starfish-paasmamram-dev-001,pvc-e537ff2c-fefb-4bbe-9ec8-af9db882f7a2,disks,eastus,13,not attached to a vm,  2 ,,,"'pvc-e537ff2c-fefb-4bbe-9ec8-af9db882f7a2',",,,"'turkiz-starfish-paasmamram-dev-001',"
turkiz,dev,turkiz-starfish-paasmamram-dev-001,pvc-57bdfaae-4b7c-43c5-a916-96df226ffac3,disks,westeurope,13,not attached to a vm,  2 ,,,"'pvc-57bdfaae-4b7c-43c5-a916-96df226ffac3',",,,"'turkiz-starfish-paasmamram-dev-001',"
turkiz,dev,turkiz-starfish-paasmamram-dev-001,pvc-d6757f70-b8c1-4e37-a191-e00fca553a31,disks,eastus,13,not attached to a vm,  2 ,,,"'pvc-d6757f70-b8c1-4e37-a191-e00fca553a31',",,,"'turkiz-starfish-paasmamram-dev-001',"
turkiz,prd,turkiz-starfish-tar-prd-001,pvc-4218c2ac-3598-4ee3-b301-e530f729e88c,disks,eastus,13,not attached to a vm,  2 ,,,"'pvc-4218c2ac-3598-4ee3-b301-e530f729e88c',",,,"'turkiz-starfish-tar-prd-001',"
turkiz,dev,turkiz-starfish-paasmamram-dev-001,pvc-fc3f897e-20d3-4372-a508-1a3ab4f0014d,disks,eastus,13,not attached to a vm,  2 ,,,"'pvc-fc3f897e-20d3-4372-a508-1a3ab4f0014d',",,,"'turkiz-starfish-paasmamram-dev-001',"
turkiz,dev,turkiz-starfish-paasmamram-dev-001,pvc-f2ac47df-2e49-4f7c-aef7-fc562bd88197,disks,eastus,13,not attached to a vm,  2 ,,,"'pvc-f2ac47df-2e49-4f7c-aef7-fc562bd88197',",,,"'turkiz-starfish-paasmamram-dev-001',"
turkiz,dev,turkiz-starfish-paasmamram-dev-001,pvc-2a5caf87-49e8-4fdb-8ffd-b4913a66b09d,disks,eastus,13,not attached to a vm,  2 ,,,"'pvc-2a5caf87-49e8-4fdb-8ffd-b4913a66b09d',",,,"'turkiz-starfish-paasmamram-dev-001',"
turkiz,dev,turkiz-starfish-paasmamram-dev-001,pvc-5f0aecce-f984-45f0-86f2-16a14a95a0ec,disks,westeurope,13,not attached to a vm,  2 ,,,"'pvc-5f0aecce-f984-45f0-86f2-16a14a95a0ec',",,,"'turkiz-starfish-paasmamram-dev-001',"
turkiz,prd,turkiz-starfish-tar-prd-001,pvc-1b03d6e7-7406-4a36-8f43-a23095bf4edf,disks,eastus,13,not attached to a vm,  2 ,,,"'pvc-1b03d6e7-7406-4a36-8f43-a23095bf4edf',",,,"'turkiz-starfish-tar-prd-001',"
turkiz,dev,turkiz-starfish-paasmamram-dev-001,pvc-0965e329-7df5-40aa-8288-4dcbf618d371,disks,eastus,13,not attached to a vm,  2 ,,,"'pvc-0965e329-7df5-40aa-8288-4dcbf618d371',",,,"'turkiz-starfish-paasmamram-dev-001',"
turkiz,dev,turkiz-starfish-paasmamram-dev-001,pvc-2e11982c-388b-4886-8e8e-d4b559b7e523,disks,westeurope,13,not attached to a vm,  2 ,,,"'pvc-2e11982c-388b-4886-8e8e-d4b559b7e523',",,,"'turkiz-starfish-paasmamram-dev-001',"
turkiz,dev,turkiz-starfish-paasmamram-dev-001,pvc-f164a328-7c99-4d98-b663-c76d43904824,disks,eastus,13,not attached to a vm,  2 ,,,"'pvc-f164a328-7c99-4d98-b663-c76d43904824',",,,"'turkiz-starfish-paasmamram-dev-001',"
turkiz,dev,turkiz-key-bladeforce-dev-001,kubernetes-dynamic-pvc-12afdea1-bb36-45b5-ab93-0808ac3dc6d9,disks,eastus,13,not attached to a vm,  2 ,,,"'kubernetes-dynamic-pvc-12afdea1-bb36-45b5-ab93-0808ac3dc6d9',",,,"'turkiz-key-bladeforce-dev-001',"
turkiz,dev,turkiz-starfish-paasmamram-dev-001,pvc-7be1abe8-a1ce-4f2b-a243-34d04a5c2764,disks,westeurope,13,not attached to a vm,  2 ,,,"'pvc-7be1abe8-a1ce-4f2b-a243-34d04a5c2764',",,,"'turkiz-starfish-paasmamram-dev-001',"
turkiz,dev,turkiz-starfish-paasmamram-dev-001,pvc-cbefecd1-61a9-4da4-9e83-9f6d189bd27c,disks,eastus,13,not attached to a vm,  2 ,,,"'pvc-cbefecd1-61a9-4da4-9e83-9f6d189bd27c',",,,"'turkiz-starfish-paasmamram-dev-001',"
turkiz,dev,turkiz-starfish-paasmamram-dev-001,pvc-cae12796-0c93-44d5-8da0-bf06b32271a3,disks,eastus,13,not attached to a vm,  2 ,,,"'pvc-cae12796-0c93-44d5-8da0-bf06b32271a3',",,,"'turkiz-starfish-paasmamram-dev-001',"
turkiz,dev,turkiz-starfish-paasmamram-dev-001,pvc-e01e38a4-ddff-4108-8911-bd8645573ea9,disks,westeurope,13,not attached to a vm,  2 ,,,"'pvc-e01e38a4-ddff-4108-8911-bd8645573ea9',",,,"'turkiz-starfish-paasmamram-dev-001',"
turkiz,prd,turkiz-starfish-tar-prd-001,pvc-eff069cc-1d87-434f-a381-7aadb7bd63d2,disks,eastus,13,not attached to a vm,  2 ,,,"'pvc-eff069cc-1d87-434f-a381-7aadb7bd63d2',",,,"'turkiz-starfish-tar-prd-001',"
turkiz,dev,turkiz-starfish-paasmamram-dev-001,pvc-485cf81d-9ba2-4dc3-896b-bcc612433028,disks,eastus,13,not attached to a vm,  2 ,,,"'pvc-485cf81d-9ba2-4dc3-896b-bcc612433028',",,,"'turkiz-starfish-paasmamram-dev-001',"
black,prd,black-coal-tam-prd-001,registry-tz-disk-temp,disks,eastus,13,not attached to a vm,  2 ,,,"'registry-tz-disk-temp',",,,"'black-coal-tam-prd-001',"
turkiz,prd,turkiz-starfish-tar-prd-001,pvc-fed1f314-e602-49f2-bce2-cbd61998ca83,disks,eastus,13,not attached to a vm,  2 ,,,"'pvc-fed1f314-e602-49f2-bce2-cbd61998ca83',",,,"'turkiz-starfish-tar-prd-001',"
turkiz,prd,turkiz-starfish-tar-prd-001,pvc-58e7ecc5-baf8-42d3-b75c-8979d3161946,disks,eastus,13,not attached to a vm,  2 ,,,"'pvc-58e7ecc5-baf8-42d3-b75c-8979d3161946',",,,"'turkiz-starfish-tar-prd-001',"
turkiz,dev,turkiz-starfish-paasmamram-dev-001,pvc-b8b9cb7c-95e5-45ed-86bf-b3d8c5be0b8d,disks,westeurope,13,not attached to a vm,  2 ,,,"'pvc-b8b9cb7c-95e5-45ed-86bf-b3d8c5be0b8d',",,,"'turkiz-starfish-paasmamram-dev-001',"
turkiz,dev,turkiz-starfish-paasmamram-dev-001,pvc-d069fec5-5256-471d-be5e-3c015629cf70,disks,eastus,13,not attached to a vm,  2 ,,,"'pvc-d069fec5-5256-471d-be5e-3c015629cf70',",,,"'turkiz-starfish-paasmamram-dev-001',"
turkiz,prd,turkiz-starfish-tar-prd-001,pvc-ba7d1ad2-d390-4c0b-b60e-674c440b0169,disks,eastus,13,not attached to a vm,  2 ,,,"'pvc-ba7d1ad2-d390-4c0b-b60e-674c440b0169',",,,"'turkiz-starfish-tar-prd-001',"
turkiz,dev,turkiz-starfish-paasmamram-dev-001,pvc-ae8accbd-beb2-414b-86b6-52e1e2869a8c,disks,eastus,13,not attached to a vm,  2 ,,,"'pvc-ae8accbd-beb2-414b-86b6-52e1e2869a8c',",,,"'turkiz-starfish-paasmamram-dev-001',"
turkiz,prd,turkiz-starfish-tar-prd-001,pvc-24ecc239-2dee-4a47-8fed-a86a246a8769,disks,eastus,13,not attached to a vm,  2 ,,,"'pvc-24ecc239-2dee-4a47-8fed-a86a246a8769',",,,"'turkiz-starfish-tar-prd-001',"
turkiz,dev,turkiz-starfish-paasmamram-dev-001,pvc-833e24d4-2f3c-42f6-8ca6-1653786fc85d,disks,eastus,13,not attached to a vm,  2 ,,,"'pvc-833e24d4-2f3c-42f6-8ca6-1653786fc85d',",,,"'turkiz-starfish-paasmamram-dev-001',"
turkiz,dev,turkiz-starfish-paasmamram-dev-001,datacluster-f8mdw-dynamic-pvc-b2f42277-aea3-422f-a03d-78333188d721,disks,westeurope,13,not attached to a vm,  1 ,,,"'datacluster-f8mdw-dynamic-pvc-b2f42277-aea3-422f-a03d-78333188d721',",,,"'turkiz-starfish-paasmamram-dev-001',"
turkiz,dev,turkiz-starfish-paasmamram-dev-001,datacluster-f8mdw-dynamic-pvc-f3a2a0d8-17fc-45d6-847a-d7938a2457ed,disks,westeurope,13,not attached to a vm,  1 ,,,"'datacluster-f8mdw-dynamic-pvc-f3a2a0d8-17fc-45d6-847a-d7938a2457ed',",,,"'turkiz-starfish-paasmamram-dev-001',"
turkiz,dev,turkiz-starfish-paasmamram-dev-001,datacluster-f8mdw-dynamic-pvc-58721f25-a9d6-4198-a725-0ecf79d4e999,disks,westeurope,13,not attached to a vm,  1 ,,,"'datacluster-f8mdw-dynamic-pvc-58721f25-a9d6-4198-a725-0ecf79d4e999',",,,"'turkiz-starfish-paasmamram-dev-001',"
turkiz,dev,turkiz-starfish-paasmamram-dev-001,datacluster-f8mdw-dynamic-pvc-0a53b993-d595-4c34-a5de-d97fdefedb82,disks,westeurope,13,not attached to a vm,  1 ,,,"'datacluster-f8mdw-dynamic-pvc-0a53b993-d595-4c34-a5de-d97fdefedb82',",,,"'turkiz-starfish-paasmamram-dev-001',"
turkiz,prd,turkiz-starfish-soc60-prd-001,tools,disks,westeurope,13,not attached to a vm,  1 ,,,"'tools',",,,"'turkiz-starfish-soc60-prd-001',"
turkiz,dev,turkiz-starfish-paasmamram-dev-001,datacluster-f8mdw-dynamic-pvc-5d951884-dc1b-4dcc-ad26-d15eaad4038d,disks,westeurope,13,not attached to a vm,  1 ,,,"'datacluster-f8mdw-dynamic-pvc-5d951884-dc1b-4dcc-ad26-d15eaad4038d',",,,"'turkiz-starfish-paasmamram-dev-001',"
turkiz,dev,turkiz-starfish-paasmamram-dev-001,datacluster-f8mdw-dynamic-pvc-94c5de87-00d2-41f4-8e00-f66e14765a41,disks,westeurope,13,not attached to a vm,  1 ,,,"'datacluster-f8mdw-dynamic-pvc-94c5de87-00d2-41f4-8e00-f66e14765a41',",,,"'turkiz-starfish-paasmamram-dev-001',"
turkiz,dev,turkiz-starfish-paasmamram-dev-001,datacluster-f8mdw-dynamic-pvc-2b0530db-50df-4197-9031-219034c9c885,disks,westeurope,13,not attached to a vm,  1 ,,,"'datacluster-f8mdw-dynamic-pvc-2b0530db-50df-4197-9031-219034c9c885',",,,"'turkiz-starfish-paasmamram-dev-001',"
turkiz,dev,turkiz-starfish-paasmamram-dev-001,datacluster-f8mdw-dynamic-pvc-713764e5-21c8-4b53-a71e-685f537a80b6,disks,westeurope,13,not attached to a vm,  1 ,,,"'datacluster-f8mdw-dynamic-pvc-713764e5-21c8-4b53-a71e-685f537a80b6',",,,"'turkiz-starfish-paasmamram-dev-001',"
turkiz,dev,turkiz-starfish-paasmamram-dev-001,datacluster-f8mdw-dynamic-pvc-54171503-d2ad-4070-a6b1-cdbac7bf8526,disks,westeurope,13,not attached to a vm,  1 ,,,"'datacluster-f8mdw-dynamic-pvc-54171503-d2ad-4070-a6b1-cdbac7bf8526',",,,"'turkiz-starfish-paasmamram-dev-001',"
turkiz,prd,turkiz-starfish-soc60-prd-001,azdisk,disks,westeurope,13,not attached to a vm,  1 ,,,"'azdisk',",,,"'turkiz-starfish-soc60-prd-001',"
turkiz,dev,turkiz-starfish-paasmamram-dev-001,datacluster-f8mdw-dynamic-pvc-4dbd3962-b1d5-45ca-89c1-f6f650d8bebe,disks,westeurope,13,not attached to a vm,  1 ,,,"'datacluster-f8mdw-dynamic-pvc-4dbd3962-b1d5-45ca-89c1-f6f650d8bebe',",,,"'turkiz-starfish-paasmamram-dev-001',"
turkiz,dev,turkiz-starfish-paasmamram-dev-001,datacluster-f8mdw-dynamic-pvc-b73b5381-76a5-4e36-8c13-f1187c2a39f5,disks,westeurope,13,not attached to a vm,  1 ,,,"'datacluster-f8mdw-dynamic-pvc-b73b5381-76a5-4e36-8c13-f1187c2a39f5',",,,"'turkiz-starfish-paasmamram-dev-001',"
turkiz,dev,turkiz-starfish-paasmamram-dev-001,datacluster-f8mdw-dynamic-pvc-dd5467b1-afd8-4c6d-a3bd-1c7eceb07546,disks,westeurope,13,not attached to a vm,  1 ,,,"'datacluster-f8mdw-dynamic-pvc-dd5467b1-afd8-4c6d-a3bd-1c7eceb07546',",,,"'turkiz-starfish-paasmamram-dev-001',"
turkiz,dev,turkiz-starfish-paasmamram-dev-001,datacluster-f8mdw-dynamic-pvc-3d537b2b-7068-4147-b0c2-67124cc3034e,disks,westeurope,13,not attached to a vm,  1 ,,,"'datacluster-f8mdw-dynamic-pvc-3d537b2b-7068-4147-b0c2-67124cc3034e',",,,"'turkiz-starfish-paasmamram-dev-001',"
turkiz,dev,turkiz-starfish-paasmamram-dev-001,datacluster-f8mdw-dynamic-pvc-fdca276d-fce6-49ac-843d-e86a57e98f9b,disks,westeurope,13,not attached to a vm,  1 ,,,"'datacluster-f8mdw-dynamic-pvc-fdca276d-fce6-49ac-843d-e86a57e98f9b',",,,"'turkiz-starfish-paasmamram-dev-001',"
turkiz,dev,turkiz-starfish-paasmamram-dev-001,datacluster-f8mdw-dynamic-pvc-820f82e7-34df-45af-9301-8c36faba40ee,disks,westeurope,13,not attached to a vm,  1 ,,,"'datacluster-f8mdw-dynamic-pvc-820f82e7-34df-45af-9301-8c36faba40ee',",,,"'turkiz-starfish-paasmamram-dev-001',"
turkiz,dev,turkiz-starfish-paasmamram-dev-001,datacluster-f8mdw-dynamic-pvc-49bd2665-9270-4225-a44e-521fa6be6829,disks,westeurope,13,not attached to a vm,  1 ,,,"'datacluster-f8mdw-dynamic-pvc-49bd2665-9270-4225-a44e-521fa6be6829',",,,"'turkiz-starfish-paasmamram-dev-001',"
turkiz,dev,turkiz-starfish-paasmamram-dev-001,datacluster-f8mdw-dynamic-pvc-5e9a4fc0-1dc5-42dc-9046-1aa9dbc63227,disks,westeurope,13,not attached to a vm,  1 ,,,"'datacluster-f8mdw-dynamic-pvc-5e9a4fc0-1dc5-42dc-9046-1aa9dbc63227',",,,"'turkiz-starfish-paasmamram-dev-001',"
turkiz,dev,turkiz-starfish-paasmamram-dev-001,datacluster-f8mdw-dynamic-pvc-91843fde-f95a-4098-adfa-23e82fc3cd1e,disks,westeurope,13,not attached to a vm,  1 ,,,"'datacluster-f8mdw-dynamic-pvc-91843fde-f95a-4098-adfa-23e82fc3cd1e',",,,"'turkiz-starfish-paasmamram-dev-001',"
turkiz,dev,turkiz-starfish-paasmamram-dev-001,datacluster-f8mdw-dynamic-pvc-8eb3cdb9-ce0d-492f-aede-f5817ba18250,disks,westeurope,13,not attached to a vm,  1 ,,,"'datacluster-f8mdw-dynamic-pvc-8eb3cdb9-ce0d-492f-aede-f5817ba18250',",,,"'turkiz-starfish-paasmamram-dev-001',"
turkiz,dev,turkiz-starfish-paasmamram-dev-001,datacluster-f8mdw-dynamic-pvc-b3a1e80d-c74b-44dc-9b4b-92659691c0fc,disks,westeurope,13,not attached to a vm,  1 ,,,"'datacluster-f8mdw-dynamic-pvc-b3a1e80d-c74b-44dc-9b4b-92659691c0fc',",,,"'turkiz-starfish-paasmamram-dev-001',"
turkiz,dev,turkiz-starfish-paasmamram-dev-001,datacluster-f8mdw-dynamic-pvc-b7f9e285-dc32-48d8-9f61-9bc731a8da61,disks,westeurope,13,not attached to a vm,  1 ,,,"'datacluster-f8mdw-dynamic-pvc-b7f9e285-dc32-48d8-9f61-9bc731a8da61',",,,"'turkiz-starfish-paasmamram-dev-001',"
turkiz,dev,turkiz-starfish-paasmamram-dev-001,datacluster-f8mdw-dynamic-pvc-fc841fe6-f350-462c-831b-887b4077c7e5,disks,westeurope,13,not attached to a vm,  1 ,,,"'datacluster-f8mdw-dynamic-pvc-fc841fe6-f350-462c-831b-887b4077c7e5',",,,"'turkiz-starfish-paasmamram-dev-001',"
turkiz,dev,turkiz-starfish-paasmamram-dev-001,datacluster-f8mdw-dynamic-pvc-4c97c63e-a8c7-4333-acf2-b93a65ef6f2f,disks,westeurope,13,not attached to a vm,  1 ,,,"'datacluster-f8mdw-dynamic-pvc-4c97c63e-a8c7-4333-acf2-b93a65ef6f2f',",,,"'turkiz-starfish-paasmamram-dev-001',"
turkiz,dev,turkiz-starfish-paasmamram-dev-001,datacluster-f8mdw-dynamic-pvc-23dd607b-e72d-40a2-beb2-b754733fb4a4,disks,westeurope,13,not attached to a vm,  1 ,,,"'datacluster-f8mdw-dynamic-pvc-23dd607b-e72d-40a2-beb2-b754733fb4a4',",,,"'turkiz-starfish-paasmamram-dev-001',"
turkiz,dev,turkiz-starfish-paasmamram-dev-001,datacluster-f8mdw-dynamic-pvc-bbc68974-f70d-4a7d-8135-bdb45f455f8d,disks,westeurope,13,not attached to a vm,  1 ,,,"'datacluster-f8mdw-dynamic-pvc-bbc68974-f70d-4a7d-8135-bdb45f455f8d',",,,"'turkiz-starfish-paasmamram-dev-001',"
turkiz,dev,turkiz-starfish-paasmamram-dev-001,datacluster-f8mdw-dynamic-pvc-16fdce6d-3603-42b8-891d-fd503f3589c5,disks,westeurope,13,not attached to a vm,  1 ,,,"'datacluster-f8mdw-dynamic-pvc-16fdce6d-3603-42b8-891d-fd503f3589c5',",,,"'turkiz-starfish-paasmamram-dev-001',"
turkiz,dev,turkiz-starfish-paasmamram-dev-001,datacluster-f8mdw-dynamic-pvc-61f024b2-290f-4d3f-b6a2-8f3a3853aad5,disks,westeurope,13,not attached to a vm,  1 ,,,"'datacluster-f8mdw-dynamic-pvc-61f024b2-290f-4d3f-b6a2-8f3a3853aad5',",,,"'turkiz-starfish-paasmamram-dev-001',"
turkiz,dev,turkiz-starfish-paasmamram-dev-001,datacluster-f8mdw-dynamic-pvc-108f8bb5-da23-45f0-ae28-4ebe64494d2c,disks,westeurope,13,not attached to a vm,  1 ,,,"'datacluster-f8mdw-dynamic-pvc-108f8bb5-da23-45f0-ae28-4ebe64494d2c',",,,"'turkiz-starfish-paasmamram-dev-001',"
turkiz,dev,turkiz-starfish-evenmit-dev-001,mps-pp-ado-vm_osdisk_1_683e8c78bc0b44e38caae8e8ee3cdbc4,disks,israelcentral,13,not attached to a vm,  1 ,,,"'mps-pp-ado-vm_osdisk_1_683e8c78bc0b44e38caae8e8ee3cdbc4',",,,"'turkiz-starfish-evenmit-dev-001',"
turkiz,dev,turkiz-starfish-evenmit-dev-001,mps-pp-ado-vm_osdisk_1_453bd35e43d7476ba82d0ed5075ecaf0,disks,israelcentral,13,not attached to a vm,  1 ,,,"'mps-pp-ado-vm_osdisk_1_453bd35e43d7476ba82d0ed5075ecaf0',",,,"'turkiz-starfish-evenmit-dev-001',"
turkiz,dev,turkiz-starfish-evenmit-dev-001,mps-pp-ado-vm_osdisk_1_322b733eb15440c3b126019a808cbaf3,disks,israelcentral,13,not attached to a vm,  1 ,,,"'mps-pp-ado-vm_osdisk_1_322b733eb15440c3b126019a808cbaf3',",,,"'turkiz-starfish-evenmit-dev-001',"
turkiz,dev,turkiz-starfish-evenmit-dev-001,mps-pp-ado-vm_osdisk_1_55a9f945896445a79083e463d24aa635,disks,israelcentral,13,not attached to a vm,  1 ,,,"'mps-pp-ado-vm_osdisk_1_55a9f945896445a79083e463d24aa635',",,,"'turkiz-starfish-evenmit-dev-001',"
turkiz,dev,turkiz-starfish-evenmit-dev-001,mps-pp-ado-vm_osdisk_1_a2dbbe000cb5420b8df5f3976d44fd93,disks,israelcentral,13,not attached to a vm,  1 ,,,"'mps-pp-ado-vm_osdisk_1_a2dbbe000cb5420b8df5f3976d44fd93',",,,"'turkiz-starfish-evenmit-dev-001',"
turkiz,dev,turkiz-starfish-evenmit-dev-001,mps-pp-ado-vm_osdisk_1_b42a1ded6041427696e86bc50128e5c8,disks,israelcentral,13,not attached to a vm,  1 ,,,"'mps-pp-ado-vm_osdisk_1_b42a1ded6041427696e86bc50128e5c8',",,,"'turkiz-starfish-evenmit-dev-001',"
turkiz,dev,turkiz-starfish-evenmit-dev-001,mps-pp-ado-vm_osdisk_1_bbaacdbb7e61454f825ce8f97a0c2e37,disks,israelcentral,13,not attached to a vm,  1 ,,,"'mps-pp-ado-vm_osdisk_1_bbaacdbb7e61454f825ce8f97a0c2e37',",,,"'turkiz-starfish-evenmit-dev-001',"
turkiz,dev,turkiz-starfish-evenmit-dev-001,mps-pp-ado-vm_osdisk_1_4c4e1634316e43b78da735867b80a807,disks,israelcentral,13,not attached to a vm,  1 ,,,"'mps-pp-ado-vm_osdisk_1_4c4e1634316e43b78da735867b80a807',",,,"'turkiz-starfish-evenmit-dev-001',"
turkiz,dev,turkiz-starfish-evenmit-dev-001,mps-pp-ado-vm_osdisk_1_636388242436416fa8be29b272a138b6,disks,israelcentral,13,not attached to a vm,  1 ,,,"'mps-pp-ado-vm_osdisk_1_636388242436416fa8be29b272a138b6',",,,"'turkiz-starfish-evenmit-dev-001',"
turkiz,dev,turkiz-starfish-evenmit-dev-001,mps-pp-ado-vm_osdisk_1_21352d7a60644108bf40e7f4b28a62ff,disks,israelcentral,13,not attached to a vm,  1 ,,,"'mps-pp-ado-vm_osdisk_1_21352d7a60644108bf40e7f4b28a62ff',",,,"'turkiz-starfish-evenmit-dev-001',"
turkiz,dev,turkiz-starfish-metadata-dev-001,ocp-blackedition-hcq4w-dynamic-pvc-62769912-cfa6-4aef-83a0-f60263f60c24,disks,northeurope,13,not attached to a vm,  1 ,,,"'ocp-blackedition-hcq4w-dynamic-pvc-62769912-cfa6-4aef-83a0-f60263f60c24',",,,"'turkiz-starfish-metadata-dev-001',"
turkiz,dev,turkiz-starfish-paasmamram-dev-001,omerdocker_datadisk_1,disks,eastus,13,not attached to a vm,  1 ,,,"'omerdocker_datadisk_1',",,,"'turkiz-starfish-paasmamram-dev-001',"
white,prd,white-wall-clearsky-dev-001,disk1,disks,eastus,13,not attached to a vm,  1 ,,,"'disk1',",,,"'white-wall-clearsky-dev-001',"
turkiz,dev,turkiz-starfish-paasmamram-dev-001,omerdocker_datadisk_2,disks,eastus,13,not attached to a vm,  1 ,,,"'omerdocker_datadisk_2',",,,"'turkiz-starfish-paasmamram-dev-001',"
turkiz,dev,turkiz-starfish-paasmamram-dev-001,omerhafifa_disk1_ea52b74ed7dd4311ba7b779cbcf3cbd9,disks,eastus,13,not attached to a vm,  1 ,,,"'omerhafifa_disk1_ea52b74ed7dd4311ba7b779cbcf3cbd9',",,,"'turkiz-starfish-paasmamram-dev-001',"
turkiz,dev,turkiz-starfish-paasmamram-dev-001,pvc-96732268-00f6-448e-b0fa-8a1aa80bd796,disks,westeurope,13,not attached to a vm,  1 ,,,"'pvc-96732268-00f6-448e-b0fa-8a1aa80bd796',",,,"'turkiz-starfish-paasmamram-dev-001',"
turkiz,dev,turkiz-starfish-paasmamram-dev-001,pvc-cb1b665f-a109-409e-b34e-d8af2c348e6c,disks,westeurope,13,not attached to a vm,  1 ,,,"'pvc-cb1b665f-a109-409e-b34e-d8af2c348e6c',",,,"'turkiz-starfish-paasmamram-dev-001',"
turkiz,dev,turkiz-starfish-paasmamram-dev-001,pvc-2ca3d48e-36d3-4538-bdb1-492db5497f9a,disks,westeurope,13,not attached to a vm,  1 ,,,"'pvc-2ca3d48e-36d3-4538-bdb1-492db5497f9a',",,,"'turkiz-starfish-paasmamram-dev-001',"
turkiz,dev,turkiz-starfish-cloudlets-dev-001,ocp410-dev-92vq5-dynamic-pvc-01e468c1-20e4-4b0a-a593-d3a66f868e5d,disks,eastus,13,not attached to a vm,  1 ,,,"'ocp410-dev-92vq5-dynamic-pvc-01e468c1-20e4-4b0a-a593-d3a66f868e5d',",,,"'turkiz-starfish-cloudlets-dev-001',"
turkiz,prd,turkiz-starfish-tar-prd-001,pvc-e0d69f9b-ce8e-42bf-8d15-2f17eb7a0d5d,disks,eastus,13,not attached to a vm,  1 ,,,"'pvc-e0d69f9b-ce8e-42bf-8d15-2f17eb7a0d5d',",,,"'turkiz-starfish-tar-prd-001',"
turkiz,dev,turkiz-starfish-cloudlets-dev-001,pvc-1caeb97e-813d-4998-84a8-3d5f257629b5,disks,eastus,12,not attached to a vm,  1 ,,,"'pvc-1caeb97e-813d-4998-84a8-3d5f257629b5',",,,"'turkiz-starfish-cloudlets-dev-001',"
turkiz,dev,turkiz-starfish-paasmamram-dev-001,pvc-5dfaaf8c-69a2-463b-9292-90d8568cc94d,disks,westeurope,13,not attached to a vm,  1 ,,,"'pvc-5dfaaf8c-69a2-463b-9292-90d8568cc94d',",,,"'turkiz-starfish-paasmamram-dev-001',"
turkiz,dev,turkiz-starfish-paasmamram-dev-001,pvc-65d6c69e-9fe2-42a1-9843-ce794af45cad,disks,eastus,6,not attached to a vm,  1 ,,,"'pvc-65d6c69e-9fe2-42a1-9843-ce794af45cad',",,,"'turkiz-starfish-paasmamram-dev-001',"
turkiz,dev,turkiz-starfish-paasmamram-dev-001,pvc-8d99abc2-7f2e-4a06-817b-e0aba4d00308,disks,eastus,6,not attached to a vm,  0 ,,,"'pvc-8d99abc2-7f2e-4a06-817b-e0aba4d00308',",,,"'turkiz-starfish-paasmamram-dev-001',"
turkiz,dev,turkiz-starfish-paasmamram-dev-001,pvc-95a4afbc-273b-4b89-a7fe-55741a340e6f,disks,eastus,6,not attached to a vm,  0 ,,,"'pvc-95a4afbc-273b-4b89-a7fe-55741a340e6f',",,,"'turkiz-starfish-paasmamram-dev-001',"
turkiz,dev,turkiz-starfish-paasmamram-dev-001,pvc-1063340f-4ef5-46ab-aba4-bb6be55b5908,disks,eastus,6,not attached to a vm,  0 ,,,"'pvc-1063340f-4ef5-46ab-aba4-bb6be55b5908',",,,"'turkiz-starfish-paasmamram-dev-001',"
turkiz,dev,turkiz-starfish-paasmamram-dev-001,pvc-a0b9cc87-5dab-4d2b-859b-d1f9fe8c40e3,disks,eastus,6,not attached to a vm,  0 ,,,"'pvc-a0b9cc87-5dab-4d2b-859b-d1f9fe8c40e3',",,,"'turkiz-starfish-paasmamram-dev-001',"
turkiz,dev,turkiz-starfish-paasmamram-dev-001,pvc-ea5732f7-3e5f-47dd-a9ca-69e296673a71,disks,eastus,6,not attached to a vm,  0 ,,,"'pvc-ea5732f7-3e5f-47dd-a9ca-69e296673a71',",,,"'turkiz-starfish-paasmamram-dev-001',"
turkiz,dev,turkiz-starfish-paasmamram-dev-001,pvc-51195591-3bfe-4a69-b26d-84cf049f5437,disks,eastus,6,not attached to a vm,  0 ,,,"'pvc-51195591-3bfe-4a69-b26d-84cf049f5437',",,,"'turkiz-starfish-paasmamram-dev-001',"
turkiz,dev,turkiz-starfish-paasmamram-dev-001,pvc-d71d9c09-62c0-47ae-a784-39df42ea6f7d,disks,eastus,6,not attached to a vm,  0 ,,,"'pvc-d71d9c09-62c0-47ae-a784-39df42ea6f7d',",,,"'turkiz-starfish-paasmamram-dev-001',"
turkiz,dev,turkiz-starfish-paasmamram-dev-001,pvc-74056df4-4a14-4140-8043-8f56c4d90506,disks,westeurope,13,not attached to a vm,  0 ,,,"'pvc-74056df4-4a14-4140-8043-8f56c4d90506',",,,"'turkiz-starfish-paasmamram-dev-001',"
turkiz,prd,turkiz-starfish-tar-prd-001,pvc-48f865a3-740f-4490-86d6-cc77a88a9c41,disks,eastus,13,not attached to a vm,  0 ,,,"'pvc-48f865a3-740f-4490-86d6-cc77a88a9c41',",,,"'turkiz-starfish-tar-prd-001',"
turkiz,dev,turkiz-starfish-paasmamram-dev-001,pvc-312b3f97-8fa4-4c7f-94a8-f572cb84c0c5,disks,westeurope,13,not attached to a vm,  0 ,,,"'pvc-312b3f97-8fa4-4c7f-94a8-f572cb84c0c5',",,,"'turkiz-starfish-paasmamram-dev-001',"
turkiz,dev,turkiz-starfish-paasmamram-dev-001,pvc-cb0c7b58-625d-4e7a-b894-4df7218940ea,disks,westeurope,13,not attached to a vm,  0 ,,,"'pvc-cb0c7b58-625d-4e7a-b894-4df7218940ea',",,,"'turkiz-starfish-paasmamram-dev-001',"
turkiz,dev,turkiz-starfish-paasmamram-dev-001,pvc-5538fd63-fb98-417c-a1ff-fc6d9c2c41d7,disks,eastus,13,not attached to a vm,  0 ,,,"'pvc-5538fd63-fb98-417c-a1ff-fc6d9c2c41d7',",,,"'turkiz-starfish-paasmamram-dev-001',"
turkiz,prd,turkiz-starfish-azurewiz-prd-001,wiz-autogen-meyuhastestvm10_osdisk_1_a0c676d91c234ad_u0xe-20240610_024732-disk,disks,westeurope,1,not attached to a vm,  0 ,,,"'wiz-autogen-meyuhastestvm10_osdisk_1_a0c676d91c234ad_u0xe-20240610_024732-disk',",,,"'turkiz-starfish-azurewiz-prd-001',"
turkiz,prd,turkiz-starfish-azurewiz-prd-001,wiz-autogen-meyuhas-0_osdisk_1_abf5821861f746c1aedf1_isu9-20240610_024800-disk,disks,westeurope,1,not attached to a vm,  0 ,,,"'wiz-autogen-meyuhas-0_osdisk_1_abf5821861f746c1aedf1_isu9-20240610_024800-disk',",,,"'turkiz-starfish-azurewiz-prd-001',"
turkiz,prd,turkiz-starfish-azurewiz-prd-001,wiz-autogen-shlomi-09-11-23_osdisk_1_77b47df231fb4ea_s3zm-20240610_024511-disk,disks,westeurope,1,not attached to a vm,  0 ,,,"'wiz-autogen-shlomi-09-11-23_osdisk_1_77b47df231fb4ea_s3zm-20240610_024511-disk',",,,"'turkiz-starfish-azurewiz-prd-001',"
turkiz,prd,turkiz-starfish-azurewiz-prd-001,wiz-autogen-aks-extramemo3-14308aks-extramemo3-14308_lfgd-20240610_024811-disk,disks,westeurope,1,not attached to a vm,  0 ,,,"'wiz-autogen-aks-extramemo3-14308aks-extramemo3-14308_lfgd-20240610_024811-disk',",,,"'turkiz-starfish-azurewiz-prd-001',"
turkiz,prd,turkiz-starfish-azurewiz-prd-001,wiz-autogen-search-head_osdisk_1_3d8f16a19a034323bcd_mipq-20240610_024510-disk,disks,westeurope,1,not attached to a vm,  0 ,,,"'wiz-autogen-search-head_osdisk_1_3d8f16a19a034323bcd_mipq-20240610_024510-disk',",,,"'turkiz-starfish-azurewiz-prd-001',"
turkiz,prd,turkiz-starfish-azurewiz-prd-001,wiz-autogen-ml-training-machine_osdisk_1_2de7e9aa48b_wo4t-20240610_024743-disk,disks,westeurope,1,not attached to a vm,  0 ,,,"'wiz-autogen-ml-training-machine_osdisk_1_2de7e9aa48b_wo4t-20240610_024743-disk',",,,"'turkiz-starfish-azurewiz-prd-001',"
turkiz,prd,turkiz-starfish-azurewiz-prd-001,wiz-autogen-ofek-fun_osdisk_1_0f0a0296aba14c10923d02_7cwf-20240610_024740-disk,disks,westeurope,1,not attached to a vm,  0 ,,,"'wiz-autogen-ofek-fun_osdisk_1_0f0a0296aba14c10923d02_7cwf-20240610_024740-disk',",,,"'turkiz-starfish-azurewiz-prd-001',"
turkiz,prd,turkiz-starfish-azurewiz-prd-001,wiz-autogen-cloudera-dev2_osdisk_1_13475e67e1e34da2a_bnu6-20240610_024730-disk,disks,westeurope,1,not attached to a vm,  0 ,,,"'wiz-autogen-cloudera-dev2_osdisk_1_13475e67e1e34da2a_bnu6-20240610_024730-disk',",,,"'turkiz-starfish-azurewiz-prd-001',"
turkiz,prd,turkiz-starfish-azurewiz-prd-001,wiz-autogen-cuda_osdisk_1_00af002378f649e0a4feeff002_jfd9-20240610_024743-disk,disks,westeurope,1,not attached to a vm,  0 ,,,"'wiz-autogen-cuda_osdisk_1_00af002378f649e0a4feeff002_jfd9-20240610_024743-disk',",,,"'turkiz-starfish-azurewiz-prd-001',"