"SUB_NAME","RES_ID","RES_NAME","RES_RG"
"gray-hippo-iafsod-dev-001","/subscriptions/7d1e47f2-bc3e-41b8-b67a-123e4b749106/resourcegroups/snapshots-for-restore-cv/providers/microsoft.compute/disks/addc_restore_data","ADDC_RESTORE_DATA","snapshots-for-restore-cv"
"gray-hippo-iafsod-dev-001","/subscriptions/7d1e47f2-bc3e-41b8-b67a-123e4b749106/resourcegroups/snapshots-for-restore-cv/providers/microsoft.compute/disks/addc_restore_os","ADDC_RESTORE_OS","snapshots-for-restore-cv"
"gray-hippo-iafsod-dev-001","/subscriptions/7d1e47f2-bc3e-41b8-b67a-123e4b749106/resourcegroups/snapshots-for-restore-cv/providers/microsoft.compute/disks/adfs_restore_os","ADFS_RESTORE_OS","snapshots-for-restore-cv"
"turkiz-starfish-soc60-prd-001","/subscriptions/c7d12c96-ea18-4518-a244-5f3a603624fb/resourcegroups/mamramclouddefender/providers/microsoft.compute/disks/amit-shared-disk","Amit-shared-disk","mamramclouddefender"
"turkiz-starfish-soc60-prd-001","/subscriptions/c7d12c96-ea18-4518-a244-5f3a603624fb/resourcegroups/mamramclouddefender/providers/microsoft.compute/disks/amitgenkintest-shared-disk","AmitGenkinTest-shared-disk","mamramclouddefender"
"pink-flamingo-galatzarcive-prd-001","/subscriptions/f6a85dce-2fab-4a32-8f76-12f24ffcbe6c/resourcegroups/netapparchive-rg/providers/microsoft.compute/disks/archivenewcvodatadisk4","ArchiveNewCVOdatadisk4","netapparchive-rg"
"turkiz-starfish-soc60-prd-001","/subscriptions/c7d12c96-ea18-4518-a244-5f3a603624fb/resourcegroups/mamramclouddefender/providers/microsoft.compute/disks/az-jitsi3-shared-disk","Az-Jitsi3-Shared-Disk","mamramclouddefender"
"turkiz-starfish-soc60-prd-001","/subscriptions/c7d12c96-ea18-4518-a244-5f3a603624fb/resourcegroups/mamramclouddefender/providers/microsoft.compute/disks/azvmdisk","AzVMDisk","mamramclouddefender"
"turkiz-starfish-semca-dev-001","/subscriptions/0ebfc0df-1187-46cf-82df-8adfd78827b1/resourcegroups/ca/providers/microsoft.compute/disks/c-viewserver_osdisk_1_04b4bb8f7fb54b41963a7e55753dbf2d","C-ViewServer_OsDisk_1_04b4bb8f7fb54b41963a7e55753dbf2d","ca"
"turkiz-starfish-soc60-prd-001","/subscriptions/c7d12c96-ea18-4518-a244-5f3a603624fb/resourcegroups/mamramclouddefender/providers/microsoft.compute/disks/callflowdisk","CallflowDisk","mamramclouddefender"
"turkiz-starfish-soc60-prd-001","/subscriptions/c7d12c96-ea18-4518-a244-5f3a603624fb/resourcegroups/mamramclouddefender/providers/microsoft.compute/disks/callflowdisk2","CallflowDisk2","mamramclouddefender"
"turkiz-starfish-soc60-prd-001","/subscriptions/c7d12c96-ea18-4518-a244-5f3a603624fb/resourcegroups/mamramclouddefender/providers/microsoft.compute/disks/chatbotcopydisk","ChatbotCopyDisk","mamramclouddefender"
"turkiz-starfish-soc60-prd-001","/subscriptions/c7d12c96-ea18-4518-a244-5f3a603624fb/resourcegroups/mamramclouddefender/providers/microsoft.compute/disks/chatbotdisk","ChatbotDisk","mamramclouddefender"
"turkiz-starfish-click-mamram-prd-001","/subscriptions/d06be0ba-5d44-4423-ba6d-c17b41b0d3b1/resourcegroups/eu-prd-ocr-imagestore/providers/microsoft.compute/disks/clone_of_imstocr_datadisk","Clone_of_IMSTOCR_DataDisk","eu-prd-ocr-imagestore"
"pink-flamingo-galatzarcive-prd-001","/subscriptions/f6a85dce-2fab-4a32-8f76-12f24ffcbe6c/resourcegroups/netapp-ezrachi-tlv-rg/providers/microsoft.compute/disks/cloud-restore-instance-account-xiy5zrw6_os__1_4e58ecbdce6c4f74924b76252649970d","Cloud-Restore-Instance-account-xIY5zrW6_OS__1_4e58ecbdce6c4f74924b76252649970d","netapp-ezrachi-tlv-rg"
"pink-flamingo-galatzarcive-prd-001","/subscriptions/f6a85dce-2fab-4a32-8f76-12f24ffcbe6c/resourcegroups/netapp-ezrachi-tlv-rg/providers/microsoft.compute/disks/cloud-restore-instance-account-xiy5zrw6_disk2_8c907923ae7d40b987ad1a66075c2662","Cloud-Restore-Instance-account-xIY5zrW6_disk2_8c907923ae7d40b987ad1a66075c2662","netapp-ezrachi-tlv-rg"
"turkiz-starfish-soc60-prd-001","/subscriptions/c7d12c96-ea18-4518-a244-5f3a603624fb/resourcegroups/mamramclouddefender/providers/microsoft.compute/disks/dependencyagenttest_osdisk_1_300eef217e664ebcb79d25743d069fe3","DependencyAgentTest_OsDisk_1_300eef217e664ebcb79d25743d069fe3","mamramclouddefender"
"gray-hippo-iafsod-dev-001","/subscriptions/7d1e47f2-bc3e-41b8-b67a-123e4b749106/resourcegroups/snapshots-for-restore-cv/providers/microsoft.compute/disks/exch_restore_os","EXCH_RESTORE_OS","snapshots-for-restore-cv"
"turkiz-starfish-soc60-prd-001","/subscriptions/c7d12c96-ea18-4518-a244-5f3a603624fb/resourcegroups/invastigations/providers/microsoft.compute/disks/ex_webshell_3108_disk","EX_WEBSHELL_3108_DISK","invastigations"
"turkiz-starfish-soc60-prd-001","/subscriptions/c7d12c96-ea18-4518-a244-5f3a603624fb/resourcegroups/mamramclouddefender/providers/microsoft.compute/disks/fwfwrd_osdisk_1_bc590f91fa1b48fea5da95d367b89537","FWFwrd_OsDisk_1_bc590f91fa1b48fea5da95d367b89537","mamramclouddefender"
"turkiz-starfish-soc60-prd-001","/subscriptions/c7d12c96-ea18-4518-a244-5f3a603624fb/resourcegroups/invastigations/providers/microsoft.compute/disks/hakirot-host-disk","Hakirot-Host-Disk","invastigations"
"turkiz-starfish-soc60-prd-001","/subscriptions/c7d12c96-ea18-4518-a244-5f3a603624fb/resourcegroups/invastigations/providers/microsoft.compute/disks/hakirot-host-disk2","Hakirot-Host-disk2","invastigations"
"turkiz-starfish-soc60-prd-001","/subscriptions/c7d12c96-ea18-4518-a244-5f3a603624fb/resourcegroups/invastigations/providers/microsoft.compute/disks/iaf_data_disk_vhd","IAF_DATA_DISK_VHD","invastigations"
"turkiz-starfish-soc60-prd-001","/subscriptions/c7d12c96-ea18-4518-a244-5f3a603624fb/resourcegroups/invastigations/providers/microsoft.compute/disks/iaf_os_disk_vhd","IAF_OS_DISK_VHD","invastigations"
"black-coal-tam-prd-001","/subscriptions/0c79d7a8-82f0-46f9-a533-f9ec2464dddc/resourcegroups/rg-ben/providers/microsoft.compute/disks/lnx-0-ben-disk","LNX-0-Ben-Disk","rg-ben"
"turkiz-starfish-soc60-prd-001","/subscriptions/c7d12c96-ea18-4518-a244-5f3a603624fb/resourcegroups/mamramclouddefender/providers/microsoft.compute/disks/luzalwayson2event","LuzAlwaysOn2Event","mamramclouddefender"
"turkiz-starfish-soc60-prd-001","/subscriptions/c7d12c96-ea18-4518-a244-5f3a603624fb/resourcegroups/mamramclouddefender/providers/microsoft.compute/disks/luzalwaysppevent","LuzAlwaysPPEvent","mamramclouddefender"
"turkiz-starfish-soc60-prd-001","/subscriptions/c7d12c96-ea18-4518-a244-5f3a603624fb/resourcegroups/mamramclouddefender/providers/microsoft.compute/disks/luzdev","LuzDev","mamramclouddefender"
"turkiz-starfish-soc60-prd-001","/subscriptions/c7d12c96-ea18-4518-a244-5f3a603624fb/resourcegroups/mamramclouddefender/providers/microsoft.compute/disks/luzdevdata","LuzDevData","mamramclouddefender"
"turkiz-starfish-soc60-prd-001","/subscriptions/c7d12c96-ea18-4518-a244-5f3a603624fb/resourcegroups/mamramclouddefender/providers/microsoft.compute/disks/luzon","LuzOn","mamramclouddefender"
"turkiz-starfish-soc60-prd-001","/subscriptions/c7d12c96-ea18-4518-a244-5f3a603624fb/resourcegroups/mamramclouddefender/providers/microsoft.compute/disks/luzoneventdisk","LuzOnEventDisk","mamramclouddefender"
"turkiz-starfish-soc60-prd-001","/subscriptions/c7d12c96-ea18-4518-a244-5f3a603624fb/resourcegroups/mamramclouddefender/providers/microsoft.compute/disks/luzonosdisk","LuzOnOsDisk","mamramclouddefender"
"turkiz-starfish-soc60-prd-001","/subscriptions/c7d12c96-ea18-4518-a244-5f3a603624fb/resourcegroups/mamramclouddefender/providers/microsoft.compute/disks/luzonsplunkevent","LuzonSplunkEvent","mamramclouddefender"
"black-coal-tam-prd-001","/subscriptions/0c79d7a8-82f0-46f9-a533-f9ec2464dddc/resourcegroups/devops/providers/microsoft.compute/disks/nat-machine1_disk1_a9b5dc35781445999e85f98941b3b3f8","Nat-machine1_disk1_a9b5dc35781445999e85f98941b3b3f8","devops"
"black-coal-tam-prd-001","/subscriptions/0c79d7a8-82f0-46f9-a533-f9ec2464dddc/resourcegroups/devops/providers/microsoft.compute/disks/nat-machine2-disk","Nat-machine2-disk","devops"
"turkiz-starfish-soc60-prd-001","/subscriptions/c7d12c96-ea18-4518-a244-5f3a603624fb/resourcegroups/mamramclouddefender/providers/microsoft.compute/disks/newsnapshotlotemdisk","NewSnapshotLotemDisk","mamramclouddefender"
"turkiz-starfish-soc60-prd-001","/subscriptions/c7d12c96-ea18-4518-a244-5f3a603624fb/resourcegroups/mamramclouddefender/providers/microsoft.compute/disks/newvmwithps-disk1","NewVMwithPS-disk1","mamramclouddefender"
"turkiz-starfish-mashands-tst-001","/subscriptions/36f21dd1-917b-48c8-9fa5-c5971838250a/resourcegroups/rg-mashan-ds/providers/microsoft.compute/disks/ofek_disk1_0ce68f27e0164f9cacc5c0dcd1a88e37","OFEK_disk1_0ce68f27e0164f9cacc5c0dcd1a88e37","rg-mashan-ds"
"turkiz-starfish-soc60-prd-001","/subscriptions/c7d12c96-ea18-4518-a244-5f3a603624fb/resourcegroups/mamramclouddefender/providers/microsoft.compute/disks/operations_disk1_a4b7bd42942146dc904044fe8f7a5b81","Operations_disk1_a4b7bd42942146dc904044fe8f7a5b81","mamramclouddefender"
"cloudadmin-sharedresources","/subscriptions/69d34344-d7b7-4dc2-aefa-fda3c77fb570/resourcegroups/privileged-avd-typea-hosts/providers/microsoft.compute/disks/pavd-host-50_osdisk_1_abd5edbf70644ebead25a8bfa6903f3d","PAVD-Host-50_OsDisk_1_abd5edbf70644ebead25a8bfa6903f3d","privileged-avd-typea-hosts"
"turkiz-starfish-soc60-prd-001","/subscriptions/c7d12c96-ea18-4518-a244-5f3a603624fb/resourcegroups/mamramclouddefender/providers/microsoft.compute/disks/profiledisk","ProfileDisk","mamramclouddefender"
"turkiz-starfish-soc60-prd-001","/subscriptions/c7d12c96-ea18-4518-a244-5f3a603624fb/resourcegroups/mamramclouddefender/providers/microsoft.compute/disks/profilemachine_disk1_07d2fe27d89b424fa57eecb8e7a616e2","ProfileMachine_disk1_07d2fe27d89b424fa57eecb8e7a616e2","mamramclouddefender"
"gray-hippo-iafsod-dev-001","/subscriptions/7d1e47f2-bc3e-41b8-b67a-123e4b749106/resourcegroups/snapshots-for-restore-cv/providers/microsoft.compute/disks/sod_build_restore_os","SOD_BUILD_RESTORE_OS","snapshots-for-restore-cv"
"turkiz-starfish-soc60-prd-001","/subscriptions/c7d12c96-ea18-4518-a244-5f3a603624fb/resourcegroups/invastigations/providers/microsoft.compute/disks/sps-disk-investigation","SPS-disk-investigation","invastigations"
"olive-oil-amitpatzan-dev-001","/subscriptions/22063625-59a0-44dc-b928-de7b57f4172d/resourcegroups/smartbase/providers/microsoft.compute/disks/smartbasebackend_datadisk_0","SmartBaseBackend_DataDisk_0","smartbase"
"olive-oil-amitpatzan-dev-001","/subscriptions/22063625-59a0-44dc-b928-de7b57f4172d/resourcegroups/smartbase/providers/microsoft.compute/disks/smartbasebackend_osdisk_1_72ca9a0a3b2043489b537b0ef702786b","SmartBaseBackend_OsDisk_1_72ca9a0a3b2043489b537b0ef702786b","smartbase"
"turkiz-starfish-soc60-prd-001","/subscriptions/c7d12c96-ea18-4518-a244-5f3a603624fb/resourcegroups/mamramclouddefender/providers/microsoft.compute/disks/snapshotdisktomer","SnapshotDiskTomer","mamramclouddefender"
"gray-hippo-talpi-prd-001","/subscriptions/30e26828-f43c-42c8-a898-df6e6d63f399/resourcegroups/matlam2.0/providers/microsoft.compute/disks/talpibotmachine_datadisk_0","TalpiBotMachine_DataDisk_0","matlam2.0"
"gray-hippo-talpi-prd-001","/subscriptions/30e26828-f43c-42c8-a898-df6e6d63f399/resourcegroups/matlam2.0/providers/microsoft.compute/disks/talpibotmachine_disk1_092c73dd5141412cba5b3cfb5321daaa","TalpiBotMachine_disk1_092c73dd5141412cba5b3cfb5321daaa","matlam2.0"
"turkiz-starfish-soc60-prd-001","/subscriptions/c7d12c96-ea18-4518-a244-5f3a603624fb/resourcegroups/invastigations/providers/microsoft.compute/disks/wb_disk_os","WB_DISK_OS","invastigations"
"turkiz-starfish-soc60-prd-001","/subscriptions/c7d12c96-ea18-4518-a244-5f3a603624fb/resourcegroups/tavernadev/providers/microsoft.compute/disks/yara-test-vm_datadisk_0","Yara-Test-VM_DataDisk_0","tavernadev"
"turkiz-starfish-soc60-prd-001","/subscriptions/c7d12c96-ea18-4518-a244-5f3a603624fb/resourcegroups/tavernadev/providers/microsoft.compute/disks/yara-test-vm_datadisk_1","Yara-Test-VM_DataDisk_1","tavernadev"
"turkiz-starfish-soc60-prd-001","/subscriptions/c7d12c96-ea18-4518-a244-5f3a603624fb/resourcegroups/invastigations/providers/microsoft.compute/disks/ad-for-oracle","ad-for-oracle","invastigations"
"turkiz-starfish-soc60-prd-001","/subscriptions/c7d12c96-ea18-4518-a244-5f3a603624fb/resourcegroups/mamramclouddefender/providers/microsoft.compute/disks/ad-for-oracle-inv-disk","ad-for-oracle-inv-disk","mamramclouddefender"
"gray-rhino-grayrhinoafik-dev-001","/subscriptions/8d7ceaea-60ec-4c36-b1fe-8bf58fe90001/resourcegroups/avd-rg/providers/microsoft.compute/disks/afikavd-5_osdisk_1_0e6497678df34f01a733f4d8466231f4","afikavd-5_OsDisk_1_0e6497678df34f01a733f4d8466231f4","avd-rg"
"gray-rhino-grayrhinoafik-dev-001","/subscriptions/8d7ceaea-60ec-4c36-b1fe-8bf58fe90001/resourcegroups/avd-rg/providers/microsoft.compute/disks/afikavd-6_osdisk_1_2629e32fbc604f5d93ef55849cafd852","afikavd-6_OsDisk_1_2629e32fbc604f5d93ef55849cafd852","avd-rg"
"gray-rhino-grayrhinoafik-dev-001","/subscriptions/8d7ceaea-60ec-4c36-b1fe-8bf58fe90001/resourcegroups/avd-rg/providers/microsoft.compute/disks/afikavd-8_osdisk_1_045f35c746884f07a27efe518b981b9b","afikavd-8_OsDisk_1_045f35c746884f07a27efe518b981b9b","avd-rg"
"turkiz-starfish-soc60-prd-001","/subscriptions/c7d12c96-ea18-4518-a244-5f3a603624fb/resourcegroups/mamramclouddefender/providers/microsoft.compute/disks/amittest","amitTest","mamramclouddefender"
"gray-hippo-iafsod-dev-001","/subscriptions/7d1e47f2-bc3e-41b8-b67a-123e4b749106/resourcegroups/aro-c897pmg3/providers/microsoft.compute/disks/arosod-qnbzh-dynamic-pvc-0017b63e-a748-44b3-b8b3-931c663c9e8b","arosod-qnbzh-dynamic-pvc-0017b63e-a748-44b3-b8b3-931c663c9e8b","aro-c897pmg3"
"gray-hippo-iafsod-dev-001","/subscriptions/7d1e47f2-bc3e-41b8-b67a-123e4b749106/resourcegroups/aro-c897pmg3/providers/microsoft.compute/disks/arosod-qnbzh-dynamic-pvc-221d57f9-bde2-4f0e-b23e-1aa24d0147aa","arosod-qnbzh-dynamic-pvc-221d57f9-bde2-4f0e-b23e-1aa24d0147aa","aro-c897pmg3"
"gray-hippo-iafsod-dev-001","/subscriptions/7d1e47f2-bc3e-41b8-b67a-123e4b749106/resourcegroups/aro-c897pmg3/providers/microsoft.compute/disks/arosod-qnbzh-dynamic-pvc-cffda825-f8dc-4644-908e-d2b0e73b9171","arosod-qnbzh-dynamic-pvc-cffda825-f8dc-4644-908e-d2b0e73b9171","aro-c897pmg3"
"turkiz-starfish-soc60-prd-001","/subscriptions/c7d12c96-ea18-4518-a244-5f3a603624fb/resourcegroups/mamramclouddefender/providers/microsoft.compute/disks/azdisk","azdisk","mamramclouddefender"
"turkiz-starfish-soc60-prd-001","/subscriptions/c7d12c96-ea18-4518-a244-5f3a603624fb/resourcegroups/invastigations/providers/microsoft.compute/disks/campus-inv-test","campus-inv-test","invastigations"
"turkiz-starfish-tikshuv-prd-001","/subscriptions/7263eec2-fc69-4af5-ac55-c6bd198d8370/resourcegroups/campus-preprod-rg/providers/microsoft.compute/disks/campus-pp-web-image_datadisk_0","campus-pp-web-image_DataDisk_0","campus-preprod-rg"
"turkiz-starfish-paasmamram-dev-001","/subscriptions/156ff441-7bb5-41c1-a8da-67022c55bfa2/resourcegroups/openshift-team/providers/microsoft.compute/disks/centmos_osdisk_1_2e45b6c23700431fb600b5d5a27939f6","centMos_OsDisk_1_2e45b6c23700431fb600b5d5a27939f6","openshift-team"
"turkiz-starfish-soc60-prd-001","/subscriptions/c7d12c96-ea18-4518-a244-5f3a603624fb/resourcegroups/mamramclouddefender/providers/microsoft.compute/disks/chat-ng-os-disk","chat-ng-os-disk","mamramclouddefender"
"turkiz-starfish-soc60-prd-001","/subscriptions/c7d12c96-ea18-4518-a244-5f3a603624fb/resourcegroups/invastigations/providers/microsoft.compute/disks/check-2-campus","check-2-campus","invastigations"
"turkiz-starfish-soc60-prd-001","/subscriptions/c7d12c96-ea18-4518-a244-5f3a603624fb/resourcegroups/mamramclouddefender/providers/microsoft.compute/disks/checkpointfwrd_osdisk_1_546c9f1ca4c74a41be05bc210e237b6b","checkpointFwrd_OsDisk_1_546c9f1ca4c74a41be05bc210e237b6b","mamramclouddefender"
"turkiz-starfish-shahar-dev-001","/subscriptions/97293d6c-55fd-41d4-b943-a6ae2ebad5aa/resourcegroups/rg-cpr/providers/microsoft.compute/disks/containervm_osdisk_1_74b3111f209346f79bcbe1ea4561e3d1","containervm_OsDisk_1_74b3111f209346f79bcbe1ea4561e3d1","rg-cpr"
"turkiz-starfish-shahar-dev-001","/subscriptions/97293d6c-55fd-41d4-b943-a6ae2ebad5aa/resourcegroups/rg-cpr/providers/microsoft.compute/disks/cpr_osdisk_1_7f58e6e6965445ff92b85b4427bdd65d","cpr_OsDisk_1_7f58e6e6965445ff92b85b4427bdd65d","rg-cpr"
"turkiz-starfish-soc60-prd-001","/subscriptions/c7d12c96-ea18-4518-a244-5f3a603624fb/resourcegroups/mamramclouddefender/providers/microsoft.compute/disks/dataaa","dataaa","mamramclouddefender"
"turkiz-starfish-paasmamram-dev-001","/subscriptions/156ff441-7bb5-41c1-a8da-67022c55bfa2/resourcegroups/aro-infra-lhymev9a-datacluster/providers/microsoft.compute/disks/datacluster-f8mdw-dynamic-pvc-0a53b993-d595-4c34-a5de-d97fdefedb82","datacluster-f8mdw-dynamic-pvc-0a53b993-d595-4c34-a5de-d97fdefedb82","aro-infra-lhymev9a-datacluster"
"turkiz-starfish-paasmamram-dev-001","/subscriptions/156ff441-7bb5-41c1-a8da-67022c55bfa2/resourcegroups/aro-infra-lhymev9a-datacluster/providers/microsoft.compute/disks/datacluster-f8mdw-dynamic-pvc-108f8bb5-da23-45f0-ae28-4ebe64494d2c","datacluster-f8mdw-dynamic-pvc-108f8bb5-da23-45f0-ae28-4ebe64494d2c","aro-infra-lhymev9a-datacluster"
"turkiz-starfish-paasmamram-dev-001","/subscriptions/156ff441-7bb5-41c1-a8da-67022c55bfa2/resourcegroups/aro-infra-lhymev9a-datacluster/providers/microsoft.compute/disks/datacluster-f8mdw-dynamic-pvc-150fbb97-7164-48a8-95a3-b7d1aa65f27b","datacluster-f8mdw-dynamic-pvc-150fbb97-7164-48a8-95a3-b7d1aa65f27b","aro-infra-lhymev9a-datacluster"
"turkiz-starfish-paasmamram-dev-001","/subscriptions/156ff441-7bb5-41c1-a8da-67022c55bfa2/resourcegroups/aro-infra-lhymev9a-datacluster/providers/microsoft.compute/disks/datacluster-f8mdw-dynamic-pvc-16e0c767-92fa-4b75-8ea0-a452606b2d84","datacluster-f8mdw-dynamic-pvc-16e0c767-92fa-4b75-8ea0-a452606b2d84","aro-infra-lhymev9a-datacluster"
"turkiz-starfish-paasmamram-dev-001","/subscriptions/156ff441-7bb5-41c1-a8da-67022c55bfa2/resourcegroups/aro-infra-lhymev9a-datacluster/providers/microsoft.compute/disks/datacluster-f8mdw-dynamic-pvc-16fdce6d-3603-42b8-891d-fd503f3589c5","datacluster-f8mdw-dynamic-pvc-16fdce6d-3603-42b8-891d-fd503f3589c5","aro-infra-lhymev9a-datacluster"
"turkiz-starfish-paasmamram-dev-001","/subscriptions/156ff441-7bb5-41c1-a8da-67022c55bfa2/resourcegroups/aro-infra-lhymev9a-datacluster/providers/microsoft.compute/disks/datacluster-f8mdw-dynamic-pvc-1849d28a-f514-4b69-b959-de00414718a4","datacluster-f8mdw-dynamic-pvc-1849d28a-f514-4b69-b959-de00414718a4","aro-infra-lhymev9a-datacluster"
"turkiz-starfish-paasmamram-dev-001","/subscriptions/156ff441-7bb5-41c1-a8da-67022c55bfa2/resourcegroups/aro-infra-lhymev9a-datacluster/providers/microsoft.compute/disks/datacluster-f8mdw-dynamic-pvc-23dd607b-e72d-40a2-beb2-b754733fb4a4","datacluster-f8mdw-dynamic-pvc-23dd607b-e72d-40a2-beb2-b754733fb4a4","aro-infra-lhymev9a-datacluster"
"turkiz-starfish-paasmamram-dev-001","/subscriptions/156ff441-7bb5-41c1-a8da-67022c55bfa2/resourcegroups/aro-infra-lhymev9a-datacluster/providers/microsoft.compute/disks/datacluster-f8mdw-dynamic-pvc-23f091ab-0e3e-4ee4-93e2-2222173304c8","datacluster-f8mdw-dynamic-pvc-23f091ab-0e3e-4ee4-93e2-2222173304c8","aro-infra-lhymev9a-datacluster"
"turkiz-starfish-paasmamram-dev-001","/subscriptions/156ff441-7bb5-41c1-a8da-67022c55bfa2/resourcegroups/aro-infra-lhymev9a-datacluster/providers/microsoft.compute/disks/datacluster-f8mdw-dynamic-pvc-2b0530db-50df-4197-9031-219034c9c885","datacluster-f8mdw-dynamic-pvc-2b0530db-50df-4197-9031-219034c9c885","aro-infra-lhymev9a-datacluster"
"turkiz-starfish-paasmamram-dev-001","/subscriptions/156ff441-7bb5-41c1-a8da-67022c55bfa2/resourcegroups/aro-infra-lhymev9a-datacluster/providers/microsoft.compute/disks/datacluster-f8mdw-dynamic-pvc-2ff138f1-4f56-42a4-930e-c6ae14c12e1f","datacluster-f8mdw-dynamic-pvc-2ff138f1-4f56-42a4-930e-c6ae14c12e1f","aro-infra-lhymev9a-datacluster"
"turkiz-starfish-paasmamram-dev-001","/subscriptions/156ff441-7bb5-41c1-a8da-67022c55bfa2/resourcegroups/aro-infra-lhymev9a-datacluster/providers/microsoft.compute/disks/datacluster-f8mdw-dynamic-pvc-3d537b2b-7068-4147-b0c2-67124cc3034e","datacluster-f8mdw-dynamic-pvc-3d537b2b-7068-4147-b0c2-67124cc3034e","aro-infra-lhymev9a-datacluster"
"turkiz-starfish-paasmamram-dev-001","/subscriptions/156ff441-7bb5-41c1-a8da-67022c55bfa2/resourcegroups/aro-infra-lhymev9a-datacluster/providers/microsoft.compute/disks/datacluster-f8mdw-dynamic-pvc-4521bfd8-40dd-4e65-932e-edc23581287f","datacluster-f8mdw-dynamic-pvc-4521bfd8-40dd-4e65-932e-edc23581287f","aro-infra-lhymev9a-datacluster"
"turkiz-starfish-paasmamram-dev-001","/subscriptions/156ff441-7bb5-41c1-a8da-67022c55bfa2/resourcegroups/aro-infra-lhymev9a-datacluster/providers/microsoft.compute/disks/datacluster-f8mdw-dynamic-pvc-49b03aa1-3ae4-4771-9d45-6c0ec3741289","datacluster-f8mdw-dynamic-pvc-49b03aa1-3ae4-4771-9d45-6c0ec3741289","aro-infra-lhymev9a-datacluster"
"turkiz-starfish-paasmamram-dev-001","/subscriptions/156ff441-7bb5-41c1-a8da-67022c55bfa2/resourcegroups/aro-infra-lhymev9a-datacluster/providers/microsoft.compute/disks/datacluster-f8mdw-dynamic-pvc-49bd2665-9270-4225-a44e-521fa6be6829","datacluster-f8mdw-dynamic-pvc-49bd2665-9270-4225-a44e-521fa6be6829","aro-infra-lhymev9a-datacluster"
"turkiz-starfish-paasmamram-dev-001","/subscriptions/156ff441-7bb5-41c1-a8da-67022c55bfa2/resourcegroups/aro-infra-lhymev9a-datacluster/providers/microsoft.compute/disks/datacluster-f8mdw-dynamic-pvc-4b276aeb-eb5a-4a91-962b-51d787a32aad","datacluster-f8mdw-dynamic-pvc-4b276aeb-eb5a-4a91-962b-51d787a32aad","aro-infra-lhymev9a-datacluster"
"turkiz-starfish-paasmamram-dev-001","/subscriptions/156ff441-7bb5-41c1-a8da-67022c55bfa2/resourcegroups/aro-infra-lhymev9a-datacluster/providers/microsoft.compute/disks/datacluster-f8mdw-dynamic-pvc-4c97c63e-a8c7-4333-acf2-b93a65ef6f2f","datacluster-f8mdw-dynamic-pvc-4c97c63e-a8c7-4333-acf2-b93a65ef6f2f","aro-infra-lhymev9a-datacluster"
"turkiz-starfish-paasmamram-dev-001","/subscriptions/156ff441-7bb5-41c1-a8da-67022c55bfa2/resourcegroups/aro-infra-lhymev9a-datacluster/providers/microsoft.compute/disks/datacluster-f8mdw-dynamic-pvc-4dbd3962-b1d5-45ca-89c1-f6f650d8bebe","datacluster-f8mdw-dynamic-pvc-4dbd3962-b1d5-45ca-89c1-f6f650d8bebe","aro-infra-lhymev9a-datacluster"
"turkiz-starfish-paasmamram-dev-001","/subscriptions/156ff441-7bb5-41c1-a8da-67022c55bfa2/resourcegroups/aro-infra-lhymev9a-datacluster/providers/microsoft.compute/disks/datacluster-f8mdw-dynamic-pvc-5136e18b-df37-42ae-b9a3-6a4b7a19c0a0","datacluster-f8mdw-dynamic-pvc-5136e18b-df37-42ae-b9a3-6a4b7a19c0a0","aro-infra-lhymev9a-datacluster"
"turkiz-starfish-paasmamram-dev-001","/subscriptions/156ff441-7bb5-41c1-a8da-67022c55bfa2/resourcegroups/aro-infra-lhymev9a-datacluster/providers/microsoft.compute/disks/datacluster-f8mdw-dynamic-pvc-54171503-d2ad-4070-a6b1-cdbac7bf8526","datacluster-f8mdw-dynamic-pvc-54171503-d2ad-4070-a6b1-cdbac7bf8526","aro-infra-lhymev9a-datacluster"
"turkiz-starfish-paasmamram-dev-001","/subscriptions/156ff441-7bb5-41c1-a8da-67022c55bfa2/resourcegroups/aro-infra-lhymev9a-datacluster/providers/microsoft.compute/disks/datacluster-f8mdw-dynamic-pvc-58153302-601f-45cd-b7f7-f228e1f2a29b","datacluster-f8mdw-dynamic-pvc-58153302-601f-45cd-b7f7-f228e1f2a29b","aro-infra-lhymev9a-datacluster"
"turkiz-starfish-paasmamram-dev-001","/subscriptions/156ff441-7bb5-41c1-a8da-67022c55bfa2/resourcegroups/aro-infra-lhymev9a-datacluster/providers/microsoft.compute/disks/datacluster-f8mdw-dynamic-pvc-58721f25-a9d6-4198-a725-0ecf79d4e999","datacluster-f8mdw-dynamic-pvc-58721f25-a9d6-4198-a725-0ecf79d4e999","aro-infra-lhymev9a-datacluster"
"turkiz-starfish-paasmamram-dev-001","/subscriptions/156ff441-7bb5-41c1-a8da-67022c55bfa2/resourcegroups/aro-infra-lhymev9a-datacluster/providers/microsoft.compute/disks/datacluster-f8mdw-dynamic-pvc-5cf80c7d-ce36-42f5-bfd6-9c012b380870","datacluster-f8mdw-dynamic-pvc-5cf80c7d-ce36-42f5-bfd6-9c012b380870","aro-infra-lhymev9a-datacluster"
"turkiz-starfish-paasmamram-dev-001","/subscriptions/156ff441-7bb5-41c1-a8da-67022c55bfa2/resourcegroups/aro-infra-lhymev9a-datacluster/providers/microsoft.compute/disks/datacluster-f8mdw-dynamic-pvc-5d951884-dc1b-4dcc-ad26-d15eaad4038d","datacluster-f8mdw-dynamic-pvc-5d951884-dc1b-4dcc-ad26-d15eaad4038d","aro-infra-lhymev9a-datacluster"
"turkiz-starfish-paasmamram-dev-001","/subscriptions/156ff441-7bb5-41c1-a8da-67022c55bfa2/resourcegroups/aro-infra-lhymev9a-datacluster/providers/microsoft.compute/disks/datacluster-f8mdw-dynamic-pvc-5e9a4fc0-1dc5-42dc-9046-1aa9dbc63227","datacluster-f8mdw-dynamic-pvc-5e9a4fc0-1dc5-42dc-9046-1aa9dbc63227","aro-infra-lhymev9a-datacluster"
"turkiz-starfish-paasmamram-dev-001","/subscriptions/156ff441-7bb5-41c1-a8da-67022c55bfa2/resourcegroups/aro-infra-lhymev9a-datacluster/providers/microsoft.compute/disks/datacluster-f8mdw-dynamic-pvc-5f63e03a-acfc-4dda-82e9-146a29bd665e","datacluster-f8mdw-dynamic-pvc-5f63e03a-acfc-4dda-82e9-146a29bd665e","aro-infra-lhymev9a-datacluster"
"turkiz-starfish-paasmamram-dev-001","/subscriptions/156ff441-7bb5-41c1-a8da-67022c55bfa2/resourcegroups/aro-infra-lhymev9a-datacluster/providers/microsoft.compute/disks/datacluster-f8mdw-dynamic-pvc-61f024b2-290f-4d3f-b6a2-8f3a3853aad5","datacluster-f8mdw-dynamic-pvc-61f024b2-290f-4d3f-b6a2-8f3a3853aad5","aro-infra-lhymev9a-datacluster"
"turkiz-starfish-paasmamram-dev-001","/subscriptions/156ff441-7bb5-41c1-a8da-67022c55bfa2/resourcegroups/aro-infra-lhymev9a-datacluster/providers/microsoft.compute/disks/datacluster-f8mdw-dynamic-pvc-633b706c-4f6b-4001-96e6-84f330d092b5","datacluster-f8mdw-dynamic-pvc-633b706c-4f6b-4001-96e6-84f330d092b5","aro-infra-lhymev9a-datacluster"
"turkiz-starfish-paasmamram-dev-001","/subscriptions/156ff441-7bb5-41c1-a8da-67022c55bfa2/resourcegroups/aro-infra-lhymev9a-datacluster/providers/microsoft.compute/disks/datacluster-f8mdw-dynamic-pvc-713764e5-21c8-4b53-a71e-685f537a80b6","datacluster-f8mdw-dynamic-pvc-713764e5-21c8-4b53-a71e-685f537a80b6","aro-infra-lhymev9a-datacluster"
"turkiz-starfish-paasmamram-dev-001","/subscriptions/156ff441-7bb5-41c1-a8da-67022c55bfa2/resourcegroups/aro-infra-lhymev9a-datacluster/providers/microsoft.compute/disks/datacluster-f8mdw-dynamic-pvc-820f82e7-34df-45af-9301-8c36faba40ee","datacluster-f8mdw-dynamic-pvc-820f82e7-34df-45af-9301-8c36faba40ee","aro-infra-lhymev9a-datacluster"
"turkiz-starfish-paasmamram-dev-001","/subscriptions/156ff441-7bb5-41c1-a8da-67022c55bfa2/resourcegroups/aro-infra-lhymev9a-datacluster/providers/microsoft.compute/disks/datacluster-f8mdw-dynamic-pvc-84875893-bea9-4277-afcd-f5a682c57935","datacluster-f8mdw-dynamic-pvc-84875893-bea9-4277-afcd-f5a682c57935","aro-infra-lhymev9a-datacluster"
"turkiz-starfish-paasmamram-dev-001","/subscriptions/156ff441-7bb5-41c1-a8da-67022c55bfa2/resourcegroups/aro-infra-lhymev9a-datacluster/providers/microsoft.compute/disks/datacluster-f8mdw-dynamic-pvc-8eb3cdb9-ce0d-492f-aede-f5817ba18250","datacluster-f8mdw-dynamic-pvc-8eb3cdb9-ce0d-492f-aede-f5817ba18250","aro-infra-lhymev9a-datacluster"
"turkiz-starfish-paasmamram-dev-001","/subscriptions/156ff441-7bb5-41c1-a8da-67022c55bfa2/resourcegroups/aro-infra-lhymev9a-datacluster/providers/microsoft.compute/disks/datacluster-f8mdw-dynamic-pvc-8f995b54-92c6-44ca-bd0c-ab594b461034","datacluster-f8mdw-dynamic-pvc-8f995b54-92c6-44ca-bd0c-ab594b461034","aro-infra-lhymev9a-datacluster"
"turkiz-starfish-paasmamram-dev-001","/subscriptions/156ff441-7bb5-41c1-a8da-67022c55bfa2/resourcegroups/aro-infra-lhymev9a-datacluster/providers/microsoft.compute/disks/datacluster-f8mdw-dynamic-pvc-8f9f97a7-c040-4a76-b1c7-a30038c7f49f","datacluster-f8mdw-dynamic-pvc-8f9f97a7-c040-4a76-b1c7-a30038c7f49f","aro-infra-lhymev9a-datacluster"
"turkiz-starfish-paasmamram-dev-001","/subscriptions/156ff441-7bb5-41c1-a8da-67022c55bfa2/resourcegroups/aro-infra-lhymev9a-datacluster/providers/microsoft.compute/disks/datacluster-f8mdw-dynamic-pvc-906d5040-5b5e-4fbc-a181-a0e57f0efeef","datacluster-f8mdw-dynamic-pvc-906d5040-5b5e-4fbc-a181-a0e57f0efeef","aro-infra-lhymev9a-datacluster"
"turkiz-starfish-paasmamram-dev-001","/subscriptions/156ff441-7bb5-41c1-a8da-67022c55bfa2/resourcegroups/aro-infra-lhymev9a-datacluster/providers/microsoft.compute/disks/datacluster-f8mdw-dynamic-pvc-91843fde-f95a-4098-adfa-23e82fc3cd1e","datacluster-f8mdw-dynamic-pvc-91843fde-f95a-4098-adfa-23e82fc3cd1e","aro-infra-lhymev9a-datacluster"
"turkiz-starfish-paasmamram-dev-001","/subscriptions/156ff441-7bb5-41c1-a8da-67022c55bfa2/resourcegroups/aro-infra-lhymev9a-datacluster/providers/microsoft.compute/disks/datacluster-f8mdw-dynamic-pvc-93530e54-f386-456d-9bcd-febe452c3dbf","datacluster-f8mdw-dynamic-pvc-93530e54-f386-456d-9bcd-febe452c3dbf","aro-infra-lhymev9a-datacluster"
"turkiz-starfish-paasmamram-dev-001","/subscriptions/156ff441-7bb5-41c1-a8da-67022c55bfa2/resourcegroups/aro-infra-lhymev9a-datacluster/providers/microsoft.compute/disks/datacluster-f8mdw-dynamic-pvc-94c5de87-00d2-41f4-8e00-f66e14765a41","datacluster-f8mdw-dynamic-pvc-94c5de87-00d2-41f4-8e00-f66e14765a41","aro-infra-lhymev9a-datacluster"
"turkiz-starfish-paasmamram-dev-001","/subscriptions/156ff441-7bb5-41c1-a8da-67022c55bfa2/resourcegroups/aro-infra-lhymev9a-datacluster/providers/microsoft.compute/disks/datacluster-f8mdw-dynamic-pvc-98039ca8-f85c-4b0c-9394-f720a8995ad6","datacluster-f8mdw-dynamic-pvc-98039ca8-f85c-4b0c-9394-f720a8995ad6","aro-infra-lhymev9a-datacluster"
"turkiz-starfish-paasmamram-dev-001","/subscriptions/156ff441-7bb5-41c1-a8da-67022c55bfa2/resourcegroups/aro-infra-lhymev9a-datacluster/providers/microsoft.compute/disks/datacluster-f8mdw-dynamic-pvc-ac26fd2c-0917-405a-b385-52e2aeed1912","datacluster-f8mdw-dynamic-pvc-ac26fd2c-0917-405a-b385-52e2aeed1912","aro-infra-lhymev9a-datacluster"
"turkiz-starfish-paasmamram-dev-001","/subscriptions/156ff441-7bb5-41c1-a8da-67022c55bfa2/resourcegroups/aro-infra-lhymev9a-datacluster/providers/microsoft.compute/disks/datacluster-f8mdw-dynamic-pvc-b2f42277-aea3-422f-a03d-78333188d721","datacluster-f8mdw-dynamic-pvc-b2f42277-aea3-422f-a03d-78333188d721","aro-infra-lhymev9a-datacluster"
"turkiz-starfish-paasmamram-dev-001","/subscriptions/156ff441-7bb5-41c1-a8da-67022c55bfa2/resourcegroups/aro-infra-lhymev9a-datacluster/providers/microsoft.compute/disks/datacluster-f8mdw-dynamic-pvc-b3a1e80d-c74b-44dc-9b4b-92659691c0fc","datacluster-f8mdw-dynamic-pvc-b3a1e80d-c74b-44dc-9b4b-92659691c0fc","aro-infra-lhymev9a-datacluster"
"turkiz-starfish-paasmamram-dev-001","/subscriptions/156ff441-7bb5-41c1-a8da-67022c55bfa2/resourcegroups/aro-infra-lhymev9a-datacluster/providers/microsoft.compute/disks/datacluster-f8mdw-dynamic-pvc-b73b5381-76a5-4e36-8c13-f1187c2a39f5","datacluster-f8mdw-dynamic-pvc-b73b5381-76a5-4e36-8c13-f1187c2a39f5","aro-infra-lhymev9a-datacluster"
"turkiz-starfish-paasmamram-dev-001","/subscriptions/156ff441-7bb5-41c1-a8da-67022c55bfa2/resourcegroups/aro-infra-lhymev9a-datacluster/providers/microsoft.compute/disks/datacluster-f8mdw-dynamic-pvc-b78635bd-502d-42c9-a4c6-25c548b8379e","datacluster-f8mdw-dynamic-pvc-b78635bd-502d-42c9-a4c6-25c548b8379e","aro-infra-lhymev9a-datacluster"
"turkiz-starfish-paasmamram-dev-001","/subscriptions/156ff441-7bb5-41c1-a8da-67022c55bfa2/resourcegroups/aro-infra-lhymev9a-datacluster/providers/microsoft.compute/disks/datacluster-f8mdw-dynamic-pvc-b7f9e285-dc32-48d8-9f61-9bc731a8da61","datacluster-f8mdw-dynamic-pvc-b7f9e285-dc32-48d8-9f61-9bc731a8da61","aro-infra-lhymev9a-datacluster"
"turkiz-starfish-paasmamram-dev-001","/subscriptions/156ff441-7bb5-41c1-a8da-67022c55bfa2/resourcegroups/aro-infra-lhymev9a-datacluster/providers/microsoft.compute/disks/datacluster-f8mdw-dynamic-pvc-bbc68974-f70d-4a7d-8135-bdb45f455f8d","datacluster-f8mdw-dynamic-pvc-bbc68974-f70d-4a7d-8135-bdb45f455f8d","aro-infra-lhymev9a-datacluster"
"turkiz-starfish-paasmamram-dev-001","/subscriptions/156ff441-7bb5-41c1-a8da-67022c55bfa2/resourcegroups/aro-infra-lhymev9a-datacluster/providers/microsoft.compute/disks/datacluster-f8mdw-dynamic-pvc-bc48c976-b0cb-4ca0-b1f5-657ef9c23925","datacluster-f8mdw-dynamic-pvc-bc48c976-b0cb-4ca0-b1f5-657ef9c23925","aro-infra-lhymev9a-datacluster"
"turkiz-starfish-paasmamram-dev-001","/subscriptions/156ff441-7bb5-41c1-a8da-67022c55bfa2/resourcegroups/aro-infra-lhymev9a-datacluster/providers/microsoft.compute/disks/datacluster-f8mdw-dynamic-pvc-ca1269c8-c205-434f-8079-7ad8f1c5078b","datacluster-f8mdw-dynamic-pvc-ca1269c8-c205-434f-8079-7ad8f1c5078b","aro-infra-lhymev9a-datacluster"
"turkiz-starfish-paasmamram-dev-001","/subscriptions/156ff441-7bb5-41c1-a8da-67022c55bfa2/resourcegroups/aro-infra-lhymev9a-datacluster/providers/microsoft.compute/disks/datacluster-f8mdw-dynamic-pvc-d2e2b4f1-fc96-42bf-a15d-4222d27646d7","datacluster-f8mdw-dynamic-pvc-d2e2b4f1-fc96-42bf-a15d-4222d27646d7","aro-infra-lhymev9a-datacluster"
"turkiz-starfish-paasmamram-dev-001","/subscriptions/156ff441-7bb5-41c1-a8da-67022c55bfa2/resourcegroups/aro-infra-lhymev9a-datacluster/providers/microsoft.compute/disks/datacluster-f8mdw-dynamic-pvc-dd5467b1-afd8-4c6d-a3bd-1c7eceb07546","datacluster-f8mdw-dynamic-pvc-dd5467b1-afd8-4c6d-a3bd-1c7eceb07546","aro-infra-lhymev9a-datacluster"
"turkiz-starfish-paasmamram-dev-001","/subscriptions/156ff441-7bb5-41c1-a8da-67022c55bfa2/resourcegroups/aro-infra-lhymev9a-datacluster/providers/microsoft.compute/disks/datacluster-f8mdw-dynamic-pvc-e7744417-7530-4506-9ea7-ff9f7cb39b0f","datacluster-f8mdw-dynamic-pvc-e7744417-7530-4506-9ea7-ff9f7cb39b0f","aro-infra-lhymev9a-datacluster"
"turkiz-starfish-paasmamram-dev-001","/subscriptions/156ff441-7bb5-41c1-a8da-67022c55bfa2/resourcegroups/aro-infra-lhymev9a-datacluster/providers/microsoft.compute/disks/datacluster-f8mdw-dynamic-pvc-f3a2a0d8-17fc-45d6-847a-d7938a2457ed","datacluster-f8mdw-dynamic-pvc-f3a2a0d8-17fc-45d6-847a-d7938a2457ed","aro-infra-lhymev9a-datacluster"
"turkiz-starfish-paasmamram-dev-001","/subscriptions/156ff441-7bb5-41c1-a8da-67022c55bfa2/resourcegroups/aro-infra-lhymev9a-datacluster/providers/microsoft.compute/disks/datacluster-f8mdw-dynamic-pvc-fc841fe6-f350-462c-831b-887b4077c7e5","datacluster-f8mdw-dynamic-pvc-fc841fe6-f350-462c-831b-887b4077c7e5","aro-infra-lhymev9a-datacluster"
"turkiz-starfish-paasmamram-dev-001","/subscriptions/156ff441-7bb5-41c1-a8da-67022c55bfa2/resourcegroups/aro-infra-lhymev9a-datacluster/providers/microsoft.compute/disks/datacluster-f8mdw-dynamic-pvc-fdca276d-fce6-49ac-843d-e86a57e98f9b","datacluster-f8mdw-dynamic-pvc-fdca276d-fce6-49ac-843d-e86a57e98f9b","aro-infra-lhymev9a-datacluster"
"black-coal-tam-prd-001","/subscriptions/0c79d7a8-82f0-46f9-a533-f9ec2464dddc/resourcegroups/openshift/providers/microsoft.compute/disks/dkr-img-puller_osdisk_1_10341228ec7d45ba9d4a562a04e840de","dkr-img-puller_OsDisk_1_10341228ec7d45ba9d4a562a04e840de","openshift"
"turkiz-starfish-soc60-prd-001","/subscriptions/c7d12c96-ea18-4518-a244-5f3a603624fb/resourcegroups/mamramclouddefender/providers/microsoft.compute/disks/dockerchats-data-disk","dockerchats-data-disk","mamramclouddefender"
"turkiz-starfish-soc60-prd-001","/subscriptions/c7d12c96-ea18-4518-a244-5f3a603624fb/resourcegroups/mamramclouddefender/providers/microsoft.compute/disks/dockerchats-evid-disk","dockerchats-evid-disk","mamramclouddefender"
"turkiz-starfish-soc60-prd-001","/subscriptions/c7d12c96-ea18-4518-a244-5f3a603624fb/resourcegroups/mamramclouddefender/providers/microsoft.compute/disks/dod-suspect_disk1_45f4f4ac112c40f39e5c487916f39a4c","dod-suspect_disk1_45f4f4ac112c40f39e5c487916f39a4c","mamramclouddefender"
"gray-hippo-iafsod-dev-001","/subscriptions/7d1e47f2-bc3e-41b8-b67a-123e4b749106/resourcegroups/temp/providers/microsoft.compute/disks/exrestore-osdisk-20201019-064831","exrestore-osdisk-20201019-064831","temp"
"turkiz-starfish-paasmamram-dev-001","/subscriptions/156ff441-7bb5-41c1-a8da-67022c55bfa2/resourcegroups/aro-infra-lhymev9a-datacluster/providers/microsoft.compute/disks/extrastorage","extrastorage","aro-infra-lhymev9a-datacluster"
"turkiz-starfish-metadata-dev-001","/subscriptions/e976f3f1-03d8-446b-8dd1-e2429b88885c/resourcegroups/gpu-team-external-services/providers/microsoft.compute/disks/gpu-test_osdisk_1_07d8689ddd83490c9f0ae012bb89bb09","gpu-test_OsDisk_1_07d8689ddd83490c9f0ae012bb89bb09","gpu-team-external-services"
"turkiz-starfish-metadata-dev-001","/subscriptions/e976f3f1-03d8-446b-8dd1-e2429b88885c/resourcegroups/gpu-team-external-services/providers/microsoft.compute/disks/gpu-test_osdisk_1_e771a7a8a96942c3806a3441cae60738","gpu-test_OsDisk_1_e771a7a8a96942c3806a3441cae60738","gpu-team-external-services"
"turkiz-starfish-metadata-dev-001","/subscriptions/e976f3f1-03d8-446b-8dd1-e2429b88885c/resourcegroups/gpu-team-external-services/providers/microsoft.compute/disks/gpu-test_osdisk_1_f3a64599cb3e4fe9b1f8f8e24c06f26a","gpu-test_OsDisk_1_f3a64599cb3e4fe9b1f8f8e24c06f26a","gpu-team-external-services"
"yellow-corn-dvr-prd-002","/subscriptions/2f2c5750-04c8-4379-9a1f-1b1aba9fe730/resourcegroups/microsft-dotz/providers/microsoft.compute/disks/idf-transcription-vm-channel-01_disk1_bb0f7b512c4d4a579d5f332b7072cbcb","idf-transcription-vm-channel-01_disk1_bb0f7b512c4d4a579d5f332b7072cbcb","microsft-dotz"
"olive-hina-maabedetmeamnim01-dev-001","/subscriptions/b722cd85-7985-4d36-86fa-9ba47820476a/resourcegroups/idfitness/providers/microsoft.compute/disks/idfitness-test_disk1_bbac43fa63c84e70bb4d72b403ed91dd","idfitness-test_disk1_bbac43fa63c84e70bb4d72b403ed91dd","idfitness"
"olive-hina-maabedetmeamnim01-dev-001","/subscriptions/b722cd85-7985-4d36-86fa-9ba47820476a/resourcegroups/idfitness-prod/providers/microsoft.compute/disks/idfitness_osdisk_1_13acbad7c9ba4bdba4cd50545b498ff8","idfitness_OsDisk_1_13acbad7c9ba4bdba4cd50545b498ff8","idfitness-prod"
"turkiz-starfish-paasmamram-dev-001","/subscriptions/156ff441-7bb5-41c1-a8da-67022c55bfa2/resourcegroups/kubemos_group/providers/microsoft.compute/disks/kubemos_osdisk_1_37080154e9014bb19ffecf7cbfc43edf","kubemos_OsDisk_1_37080154e9014bb19ffecf7cbfc43edf","kubemos_group"
"turkiz-key-bladeforce-dev-001","/subscriptions/fbb704cd-4474-4038-a29f-71ae665560e8/resourcegroups/mc_genasgard_dataops_eastus/providers/microsoft.compute/disks/kubernetes-dynamic-pvc-12afdea1-bb36-45b5-ab93-0808ac3dc6d9","kubernetes-dynamic-pvc-12afdea1-bb36-45b5-ab93-0808ac3dc6d9","mc_genasgard_dataops_eastus"
"turkiz-starfish-soc60-prd-001","/subscriptions/c7d12c96-ea18-4518-a244-5f3a603624fb/resourcegroups/hafifa/providers/microsoft.compute/disks/lotem_datadisk_0","lotem_DataDisk_0","hafifa"
"turkiz-starfish-soc60-prd-001","/subscriptions/c7d12c96-ea18-4518-a244-5f3a603624fb/resourcegroups/hafifa/providers/microsoft.compute/disks/lotem_datadisk_1","lotem_DataDisk_1","hafifa"
"turkiz-starfish-soc60-prd-001","/subscriptions/c7d12c96-ea18-4518-a244-5f3a603624fb/resourcegroups/hafifa/providers/microsoft.compute/disks/lotem_osdisk_1_169a2967129345398a8f152ef919038a","lotem_OsDisk_1_169a2967129345398a8f152ef919038a","hafifa"
"turkiz-starfish-soc60-prd-001","/subscriptions/c7d12c96-ea18-4518-a244-5f3a603624fb/resourcegroups/mamramclouddefender/providers/microsoft.compute/disks/luzoneventclone_osdisk_1_bed9f12f357c47da830f9cafc200e0ef","luzonEventClone_OsDisk_1_bed9f12f357c47da830f9cafc200e0ef","mamramclouddefender"
"turkiz-starfish-paasmamram-dev-001","/subscriptions/156ff441-7bb5-41c1-a8da-67022c55bfa2/resourcegroups/openshift-team/providers/microsoft.compute/disks/maayankube_disk1_6e603653bbd04fef996d75d6206d23f9","maayankube_disk1_6e603653bbd04fef996d75d6206d23f9","openshift-team"
"turkiz-starfish-paasmamram-dev-001","/subscriptions/156ff441-7bb5-41c1-a8da-67022c55bfa2/resourcegroups/openshift-team/providers/microsoft.compute/disks/maayanvm_osdisk_1_00f3cde84fe7410e9a6f5648378a6225","maayanvm_OsDisk_1_00f3cde84fe7410e9a6f5648378a6225","openshift-team"
"turkiz-starfish-soc60-prd-001","/subscriptions/c7d12c96-ea18-4518-a244-5f3a603624fb/resourcegroups/hafifa/providers/microsoft.compute/disks/matantest_datadisk_0","matanTest_DataDisk_0","hafifa"
"turkiz-starfish-soc60-prd-001","/subscriptions/c7d12c96-ea18-4518-a244-5f3a603624fb/resourcegroups/hafifa/providers/microsoft.compute/disks/matantest_datadisk_1","matanTest_DataDisk_1","hafifa"
"turkiz-starfish-soc60-prd-001","/subscriptions/c7d12c96-ea18-4518-a244-5f3a603624fb/resourcegroups/hafifa/providers/microsoft.compute/disks/matantest_osdisk_1_2231baafa26c44d4931206845fbbba41","matanTest_OsDisk_1_2231baafa26c44d4931206845fbbba41","hafifa"
"turkiz-starfish-soc60-prd-001","/subscriptions/c7d12c96-ea18-4518-a244-5f3a603624fb/resourcegroups/hafifa/providers/microsoft.compute/disks/matantest_osdisk_1_a651a47a89554d45a7b46c07a6219984","matanTest_OsDisk_1_a651a47a89554d45a7b46c07a6219984","hafifa"
"turkiz-starfish-soc60-prd-001","/subscriptions/c7d12c96-ea18-4518-a244-5f3a603624fb/resourcegroups/mamramclouddefender/providers/microsoft.compute/disks/miluim-app-prod-vm1-shared-disk","miluim-app-prod-vm1-shared-disk","mamramclouddefender"
"turkiz-starfish-soc60-prd-001","/subscriptions/c7d12c96-ea18-4518-a244-5f3a603624fb/resourcegroups/mamramclouddefender/providers/microsoft.compute/disks/miluim-app-prod-vm1-snapshot-disk","miluim-app-prod-vm1-snapshot-disk","mamramclouddefender"
"turkiz-starfish-soc60-prd-001","/subscriptions/c7d12c96-ea18-4518-a244-5f3a603624fb/resourcegroups/mamramclouddefender/providers/microsoft.compute/disks/miluim-fe-prod-vm1-shared-disk","miluim-fe-prod-vm1-shared-disk","mamramclouddefender"
"turkiz-starfish-soc60-prd-001","/subscriptions/c7d12c96-ea18-4518-a244-5f3a603624fb/resourcegroups/mamramclouddefender/providers/microsoft.compute/disks/miluim-fe-prod-vm1-snapshot-disk","miluim-fe-prod-vm1-snapshot-disk","mamramclouddefender"
"turkiz-starfish-soc60-prd-001","/subscriptions/c7d12c96-ea18-4518-a244-5f3a603624fb/resourcegroups/mamramclouddefender/providers/microsoft.compute/disks/miluim-fe-prod-vm2-shared-disk","miluim-fe-prod-vm2-shared-disk","mamramclouddefender"
"turkiz-starfish-soc60-prd-001","/subscriptions/c7d12c96-ea18-4518-a244-5f3a603624fb/resourcegroups/mamramclouddefender/providers/microsoft.compute/disks/miluim-fe-prod-vm2-snapshot-disk","miluim-fe-prod-vm2-snapshot-disk","mamramclouddefender"
"turkiz-starfish-soc60-prd-001","/subscriptions/c7d12c96-ea18-4518-a244-5f3a603624fb/resourcegroups/mamramclouddefender/providers/microsoft.compute/disks/miluim-ks-prod-vm1-shared-disk","miluim-ks-prod-vm1-shared-disk","mamramclouddefender"
"turkiz-starfish-soc60-prd-001","/subscriptions/c7d12c96-ea18-4518-a244-5f3a603624fb/resourcegroups/mamramclouddefender/providers/microsoft.compute/disks/miluim-ks-prod-vm2-shared-disk","miluim-ks-prod-vm2-shared-disk","mamramclouddefender"
"turkiz-starfish-soc60-prd-001","/subscriptions/c7d12c96-ea18-4518-a244-5f3a603624fb/resourcegroups/mamramclouddefender/providers/microsoft.compute/disks/miluim-mandalo-prod-vm1-disk-shared","miluim-mandalo-prod-vm1-disk-shared","mamramclouddefender"
"turkiz-starfish-soc60-prd-001","/subscriptions/c7d12c96-ea18-4518-a244-5f3a603624fb/resourcegroups/mamramclouddefender/providers/microsoft.compute/disks/moshikoshit","moshikoShit","mamramclouddefender"
"turkiz-starfish-soc60-prd-001","/subscriptions/c7d12c96-ea18-4518-a244-5f3a603624fb/resourcegroups/mamramclouddefender/providers/microsoft.compute/disks/mp-0_osdisk","mp-0_osdisk","mamramclouddefender"
"turkiz-starfish-soc60-prd-001","/subscriptions/c7d12c96-ea18-4518-a244-5f3a603624fb/resourcegroups/mamramclouddefender/providers/microsoft.compute/disks/mp-irdisk1","mp-irDisk1","mamramclouddefender"
"turkiz-starfish-soc60-prd-001","/subscriptions/c7d12c96-ea18-4518-a244-5f3a603624fb/resourcegroups/momentum-nifi/providers/microsoft.compute/disks/nifi01_osdisk_1_41435ea204db43c7a7eb61944feb9f57","nifi01_OsDisk_1_41435ea204db43c7a7eb61944feb9f57","momentum-nifi"
"turkiz-starfish-soc60-prd-001","/subscriptions/c7d12c96-ea18-4518-a244-5f3a603624fb/resourcegroups/momentum-nifi/providers/microsoft.compute/disks/nifi02_osdisk_1_65e7acf28ff249efb94e199585a42c78","nifi02_OsDisk_1_65e7acf28ff249efb94e199585a42c78","momentum-nifi"
"turkiz-starfish-soc60-prd-001","/subscriptions/c7d12c96-ea18-4518-a244-5f3a603624fb/resourcegroups/momentum-nifi/providers/microsoft.compute/disks/nifi03_osdisk_1_a980ab3d774143f2918dd40a6843fffc","nifi03_OsDisk_1_a980ab3d774143f2918dd40a6843fffc","momentum-nifi"
"turkiz-starfish-soc60-prd-001","/subscriptions/c7d12c96-ea18-4518-a244-5f3a603624fb/resourcegroups/momentum-nifi/providers/microsoft.compute/disks/nifi04_osdisk_1_6ca2b7c950eb483098674d3facd5cd32","nifi04_OsDisk_1_6ca2b7c950eb483098674d3facd5cd32","momentum-nifi"
"turkiz-starfish-soc60-prd-001","/subscriptions/c7d12c96-ea18-4518-a244-5f3a603624fb/resourcegroups/momentum-nifi/providers/microsoft.compute/disks/nifi05_osdisk_1_d88f3788b9f241ccaa094baec4ada57e","nifi05_OsDisk_1_d88f3788b9f241ccaa094baec4ada57e","momentum-nifi"
"turkiz-starfish-metadata-dev-001","/subscriptions/e976f3f1-03d8-446b-8dd1-e2429b88885c/resourcegroups/ocp-blackedition-hcq4w-rg/providers/microsoft.compute/disks/ocp-blackedition-hcq4w-dynamic-pvc-1ce7e8c8-39d7-48e1-a495-30231c3ffe6a","ocp-blackedition-hcq4w-dynamic-pvc-1ce7e8c8-39d7-48e1-a495-30231c3ffe6a","ocp-blackedition-hcq4w-rg"
"turkiz-starfish-metadata-dev-001","/subscriptions/e976f3f1-03d8-446b-8dd1-e2429b88885c/resourcegroups/ocp-blackedition-hcq4w-rg/providers/microsoft.compute/disks/ocp-blackedition-hcq4w-dynamic-pvc-62769912-cfa6-4aef-83a0-f60263f60c24","ocp-blackedition-hcq4w-dynamic-pvc-62769912-cfa6-4aef-83a0-f60263f60c24","ocp-blackedition-hcq4w-rg"
"turkiz-starfish-metadata-dev-001","/subscriptions/e976f3f1-03d8-446b-8dd1-e2429b88885c/resourcegroups/ocp-blackedition-hcq4w-rg/providers/microsoft.compute/disks/ocp-blackedition-hcq4w-dynamic-pvc-72e3667c-05dc-40bc-95f3-c24a7948f4e9","ocp-blackedition-hcq4w-dynamic-pvc-72e3667c-05dc-40bc-95f3-c24a7948f4e9","ocp-blackedition-hcq4w-rg"
"turkiz-starfish-metadata-dev-001","/subscriptions/e976f3f1-03d8-446b-8dd1-e2429b88885c/resourcegroups/ocp-blackedition-hcq4w-rg/providers/microsoft.compute/disks/ocp-blackedition-hcq4w-dynamic-pvc-d7e58857-d93b-4a8d-b6a6-df4f194b6750","ocp-blackedition-hcq4w-dynamic-pvc-d7e58857-d93b-4a8d-b6a6-df4f194b6750","ocp-blackedition-hcq4w-rg"
"turkiz-starfish-paasmamram-dev-001","/subscriptions/156ff441-7bb5-41c1-a8da-67022c55bfa2/resourcegroups/openshift-team/providers/microsoft.compute/disks/ocp4registry-rhel8_datadisk_0","ocp4registry-rhel8_DataDisk_0","openshift-team"
"turkiz-starfish-paasmamram-dev-001","/subscriptions/156ff441-7bb5-41c1-a8da-67022c55bfa2/resourcegroups/openshift-team/providers/microsoft.compute/disks/ocp4registry-rhel8_osdisk_1_30d0e091438c477fb00e03fcd2a0c45d","ocp4registry-rhel8_OsDisk_1_30d0e091438c477fb00e03fcd2a0c45d","openshift-team"
"turkiz-starfish-hak-prd-001","/subscriptions/4bbbcab0-5163-4e03-9e7d-fc6d01cc532b/resourcegroups/sentimentle/providers/microsoft.compute/disks/openshift2_osdisk_1_b24e8bc0ab4b4a23b950ccc04dc93fca","openshift2_OsDisk_1_b24e8bc0ab4b4a23b950ccc04dc93fca","sentimentle"
"olive-oil-amitpatzan-dev-001","/subscriptions/22063625-59a0-44dc-b928-de7b57f4172d/resourcegroups/merkaz-amit/providers/microsoft.compute/disks/projects-server_disk1_5af70699560e45a89efb65348d70ee7d","projects-server_disk1_5af70699560e45a89efb65348d70ee7d","merkaz-amit"
"turkiz-starfish-paasmamram-dev-001","/subscriptions/156ff441-7bb5-41c1-a8da-67022c55bfa2/resourcegroups/mc_asagroup_postgres_eastus/providers/microsoft.compute/disks/pvc-0965e329-7df5-40aa-8288-4dcbf618d371","pvc-0965e329-7df5-40aa-8288-4dcbf618d371","mc_asagroup_postgres_eastus"
"turkiz-starfish-cloudlets-dev-001","/subscriptions/d48b8cf0-9a34-49b3-9320-1cf1173c542a/resourcegroups/ocp410-dev-92vq5-rg/providers/microsoft.compute/disks/pvc-1caeb97e-813d-4998-84a8-3d5f257629b5","pvc-1caeb97e-813d-4998-84a8-3d5f257629b5","ocp410-dev-92vq5-rg"
"turkiz-key-bladeforce-dev-001","/subscriptions/fbb704cd-4474-4038-a29f-71ae665560e8/resourcegroups/aro-uwtd7zko/providers/microsoft.compute/disks/pvc-2322c332-7eb0-4469-badf-cce31d4a0690","pvc-2322c332-7eb0-4469-badf-cce31d4a0690","aro-uwtd7zko"
"turkiz-starfish-paasmamram-dev-001","/subscriptions/156ff441-7bb5-41c1-a8da-67022c55bfa2/resourcegroups/mc_asagroup_postgres_eastus/providers/microsoft.compute/disks/pvc-242ce7c5-67d6-4176-a10a-fd45b45afea5","pvc-242ce7c5-67d6-4176-a10a-fd45b45afea5","mc_asagroup_postgres_eastus"
"turkiz-starfish-paasmamram-dev-001","/subscriptions/156ff441-7bb5-41c1-a8da-67022c55bfa2/resourcegroups/mc_asagroup_postgres_eastus/providers/microsoft.compute/disks/pvc-2a5caf87-49e8-4fdb-8ffd-b4913a66b09d","pvc-2a5caf87-49e8-4fdb-8ffd-b4913a66b09d","mc_asagroup_postgres_eastus"
"turkiz-starfish-paasmamram-dev-001","/subscriptions/156ff441-7bb5-41c1-a8da-67022c55bfa2/resourcegroups/mc_asagroup_mssql_westeurope/providers/microsoft.compute/disks/pvc-2ca3d48e-36d3-4538-bdb1-492db5497f9a","pvc-2ca3d48e-36d3-4538-bdb1-492db5497f9a","mc_asagroup_mssql_westeurope"
"turkiz-starfish-paasmamram-dev-001","/subscriptions/156ff441-7bb5-41c1-a8da-67022c55bfa2/resourcegroups/mc_asagroup_mssql_westeurope/providers/microsoft.compute/disks/pvc-2e11982c-388b-4886-8e8e-d4b559b7e523","pvc-2e11982c-388b-4886-8e8e-d4b559b7e523","mc_asagroup_mssql_westeurope"
"turkiz-starfish-paasmamram-dev-001","/subscriptions/156ff441-7bb5-41c1-a8da-67022c55bfa2/resourcegroups/mc_asagroup_mssql_westeurope/providers/microsoft.compute/disks/pvc-2f170682-4ae3-4bb9-9e61-966c3656527b","pvc-2f170682-4ae3-4bb9-9e61-966c3656527b","mc_asagroup_mssql_westeurope"
"turkiz-starfish-paasmamram-dev-001","/subscriptions/156ff441-7bb5-41c1-a8da-67022c55bfa2/resourcegroups/mc_asagroup_mssql_westeurope/providers/microsoft.compute/disks/pvc-312b3f97-8fa4-4c7f-94a8-f572cb84c0c5","pvc-312b3f97-8fa4-4c7f-94a8-f572cb84c0c5","mc_asagroup_mssql_westeurope"
"turkiz-key-bladeforce-dev-001","/subscriptions/fbb704cd-4474-4038-a29f-71ae665560e8/resourcegroups/aro-uwtd7zko/providers/microsoft.compute/disks/pvc-3773d8aa-6d02-4f5c-b206-fc45df333f76","pvc-3773d8aa-6d02-4f5c-b206-fc45df333f76","aro-uwtd7zko"
"turkiz-starfish-paasmamram-dev-001","/subscriptions/156ff441-7bb5-41c1-a8da-67022c55bfa2/resourcegroups/mc_asagroup_postgres_eastus/providers/microsoft.compute/disks/pvc-449e1040-6ba1-4649-a9f2-e2a65c14c6a2","pvc-449e1040-6ba1-4649-a9f2-e2a65c14c6a2","mc_asagroup_postgres_eastus"
"turkiz-starfish-paasmamram-dev-001","/subscriptions/156ff441-7bb5-41c1-a8da-67022c55bfa2/resourcegroups/mc_asagroup_postgres_eastus/providers/microsoft.compute/disks/pvc-485cf81d-9ba2-4dc3-896b-bcc612433028","pvc-485cf81d-9ba2-4dc3-896b-bcc612433028","mc_asagroup_postgres_eastus"
"turkiz-starfish-paasmamram-dev-001","/subscriptions/156ff441-7bb5-41c1-a8da-67022c55bfa2/resourcegroups/mc_asagroup_postgres_eastus/providers/microsoft.compute/disks/pvc-5538fd63-fb98-417c-a1ff-fc6d9c2c41d7","pvc-5538fd63-fb98-417c-a1ff-fc6d9c2c41d7","mc_asagroup_postgres_eastus"
"turkiz-starfish-paasmamram-dev-001","/subscriptions/156ff441-7bb5-41c1-a8da-67022c55bfa2/resourcegroups/mc_asagroup_mssql_westeurope/providers/microsoft.compute/disks/pvc-55f80fb3-5920-4da4-a762-59bf0297e11e","pvc-55f80fb3-5920-4da4-a762-59bf0297e11e","mc_asagroup_mssql_westeurope"
"turkiz-starfish-paasmamram-dev-001","/subscriptions/156ff441-7bb5-41c1-a8da-67022c55bfa2/resourcegroups/mc_asagroup_mssql_westeurope/providers/microsoft.compute/disks/pvc-57bdfaae-4b7c-43c5-a916-96df226ffac3","pvc-57bdfaae-4b7c-43c5-a916-96df226ffac3","mc_asagroup_mssql_westeurope"
"turkiz-starfish-paasmamram-dev-001","/subscriptions/156ff441-7bb5-41c1-a8da-67022c55bfa2/resourcegroups/aro-infra-lhymev9a-datacluster/providers/microsoft.compute/disks/pvc-5dfaaf8c-69a2-463b-9292-90d8568cc94d","pvc-5dfaaf8c-69a2-463b-9292-90d8568cc94d","aro-infra-lhymev9a-datacluster"
"gray-hippo-iafsod-dev-001","/subscriptions/7d1e47f2-bc3e-41b8-b67a-123e4b749106/resourcegroups/aro-c897pmg3/providers/microsoft.compute/disks/pvc-5e2b7801-4959-49ec-b3b2-b992320b4342","pvc-5e2b7801-4959-49ec-b3b2-b992320b4342","aro-c897pmg3"
"turkiz-starfish-paasmamram-dev-001","/subscriptions/156ff441-7bb5-41c1-a8da-67022c55bfa2/resourcegroups/mc_asagroup_mssql_westeurope/providers/microsoft.compute/disks/pvc-5f0aecce-f984-45f0-86f2-16a14a95a0ec","pvc-5f0aecce-f984-45f0-86f2-16a14a95a0ec","mc_asagroup_mssql_westeurope"
"gray-hippo-iafsod-dev-001","/subscriptions/7d1e47f2-bc3e-41b8-b67a-123e4b749106/resourcegroups/aro-c897pmg3/providers/microsoft.compute/disks/pvc-67b2405a-461c-4a42-b690-f9eef210d482","pvc-67b2405a-461c-4a42-b690-f9eef210d482","aro-c897pmg3"
"turkiz-starfish-paasmamram-dev-001","/subscriptions/156ff441-7bb5-41c1-a8da-67022c55bfa2/resourcegroups/mc_asagroup_mssql_westeurope/providers/microsoft.compute/disks/pvc-68c0f9ab-60db-4db9-9a95-b1c3de6a7e91","pvc-68c0f9ab-60db-4db9-9a95-b1c3de6a7e91","mc_asagroup_mssql_westeurope"
"gray-hippo-iafsod-dev-001","/subscriptions/7d1e47f2-bc3e-41b8-b67a-123e4b749106/resourcegroups/aro-c897pmg3/providers/microsoft.compute/disks/pvc-73609c64-f8b6-4e33-a265-93a77f15d6dd","pvc-73609c64-f8b6-4e33-a265-93a77f15d6dd","aro-c897pmg3"
"turkiz-starfish-paasmamram-dev-001","/subscriptions/156ff441-7bb5-41c1-a8da-67022c55bfa2/resourcegroups/mc_asagroup_mssql_westeurope/providers/microsoft.compute/disks/pvc-74056df4-4a14-4140-8043-8f56c4d90506","pvc-74056df4-4a14-4140-8043-8f56c4d90506","mc_asagroup_mssql_westeurope"
"gray-hippo-iafsod-dev-001","/subscriptions/7d1e47f2-bc3e-41b8-b67a-123e4b749106/resourcegroups/aro-c897pmg3/providers/microsoft.compute/disks/pvc-79057b09-aab7-4880-ab22-e92c4c15fbe0","pvc-79057b09-aab7-4880-ab22-e92c4c15fbe0","aro-c897pmg3"
"turkiz-starfish-paasmamram-dev-001","/subscriptions/156ff441-7bb5-41c1-a8da-67022c55bfa2/resourcegroups/mc_asagroup_mssql_westeurope/providers/microsoft.compute/disks/pvc-7be1abe8-a1ce-4f2b-a243-34d04a5c2764","pvc-7be1abe8-a1ce-4f2b-a243-34d04a5c2764","mc_asagroup_mssql_westeurope"
"turkiz-starfish-paasmamram-dev-001","/subscriptions/156ff441-7bb5-41c1-a8da-67022c55bfa2/resourcegroups/mc_asagroup_postgres_eastus/providers/microsoft.compute/disks/pvc-833e24d4-2f3c-42f6-8ca6-1653786fc85d","pvc-833e24d4-2f3c-42f6-8ca6-1653786fc85d","mc_asagroup_postgres_eastus"
"gray-hippo-iafsod-dev-001","/subscriptions/7d1e47f2-bc3e-41b8-b67a-123e4b749106/resourcegroups/aro-c897pmg3/providers/microsoft.compute/disks/pvc-89378728-f6d4-4c32-a562-1cc6b27008bb","pvc-89378728-f6d4-4c32-a562-1cc6b27008bb","aro-c897pmg3"
"gray-hippo-iafsod-dev-001","/subscriptions/7d1e47f2-bc3e-41b8-b67a-123e4b749106/resourcegroups/aro-c897pmg3/providers/microsoft.compute/disks/pvc-954077ac-fbc6-4443-a002-b45c6cda73a1","pvc-954077ac-fbc6-4443-a002-b45c6cda73a1","aro-c897pmg3"
"turkiz-starfish-paasmamram-dev-001","/subscriptions/156ff441-7bb5-41c1-a8da-67022c55bfa2/resourcegroups/aro-infra-lhymev9a-datacluster/providers/microsoft.compute/disks/pvc-96732268-00f6-448e-b0fa-8a1aa80bd796","pvc-96732268-00f6-448e-b0fa-8a1aa80bd796","aro-infra-lhymev9a-datacluster"
"gray-hippo-iafsod-dev-001","/subscriptions/7d1e47f2-bc3e-41b8-b67a-123e4b749106/resourcegroups/aro-c897pmg3/providers/microsoft.compute/disks/pvc-96a126ef-93e3-41cd-a748-733b4a4ff1d5","pvc-96a126ef-93e3-41cd-a748-733b4a4ff1d5","aro-c897pmg3"
"gray-hippo-iafsod-dev-001","/subscriptions/7d1e47f2-bc3e-41b8-b67a-123e4b749106/resourcegroups/aro-c897pmg3/providers/microsoft.compute/disks/pvc-a0382fb6-32bd-4776-ba7e-087059283da7","pvc-a0382fb6-32bd-4776-ba7e-087059283da7","aro-c897pmg3"
"turkiz-starfish-paasmamram-dev-001","/subscriptions/156ff441-7bb5-41c1-a8da-67022c55bfa2/resourcegroups/mc_asagroup_postgres_eastus/providers/microsoft.compute/disks/pvc-ae8accbd-beb2-414b-86b6-52e1e2869a8c","pvc-ae8accbd-beb2-414b-86b6-52e1e2869a8c","mc_asagroup_postgres_eastus"
"turkiz-starfish-paasmamram-dev-001","/subscriptions/156ff441-7bb5-41c1-a8da-67022c55bfa2/resourcegroups/mc_asagroup_mssql_westeurope/providers/microsoft.compute/disks/pvc-b8b9cb7c-95e5-45ed-86bf-b3d8c5be0b8d","pvc-b8b9cb7c-95e5-45ed-86bf-b3d8c5be0b8d","mc_asagroup_mssql_westeurope"
"gray-hippo-iafsod-dev-001","/subscriptions/7d1e47f2-bc3e-41b8-b67a-123e4b749106/resourcegroups/aro-c897pmg3/providers/microsoft.compute/disks/pvc-bbe3a655-4005-419b-9bd7-1a45d853f632","pvc-bbe3a655-4005-419b-9bd7-1a45d853f632","aro-c897pmg3"
"gray-hippo-iafsod-dev-001","/subscriptions/7d1e47f2-bc3e-41b8-b67a-123e4b749106/resourcegroups/aro-c897pmg3/providers/microsoft.compute/disks/pvc-c2198096-bb2c-4f9d-a667-b44e1d76c23c","pvc-c2198096-bb2c-4f9d-a667-b44e1d76c23c","aro-c897pmg3"
"gray-hippo-iafsod-dev-001","/subscriptions/7d1e47f2-bc3e-41b8-b67a-123e4b749106/resourcegroups/aro-c897pmg3/providers/microsoft.compute/disks/pvc-c778f40f-3321-4913-956b-6e438250be70","pvc-c778f40f-3321-4913-956b-6e438250be70","aro-c897pmg3"
"turkiz-starfish-paasmamram-dev-001","/subscriptions/156ff441-7bb5-41c1-a8da-67022c55bfa2/resourcegroups/mc_asagroup_postgres_eastus/providers/microsoft.compute/disks/pvc-cae12796-0c93-44d5-8da0-bf06b32271a3","pvc-cae12796-0c93-44d5-8da0-bf06b32271a3","mc_asagroup_postgres_eastus"
"turkiz-starfish-paasmamram-dev-001","/subscriptions/156ff441-7bb5-41c1-a8da-67022c55bfa2/resourcegroups/mc_asagroup_mssql_westeurope/providers/microsoft.compute/disks/pvc-cb0c7b58-625d-4e7a-b894-4df7218940ea","pvc-cb0c7b58-625d-4e7a-b894-4df7218940ea","mc_asagroup_mssql_westeurope"
"turkiz-starfish-paasmamram-dev-001","/subscriptions/156ff441-7bb5-41c1-a8da-67022c55bfa2/resourcegroups/mc_asagroup_mssql_westeurope/providers/microsoft.compute/disks/pvc-cb1b665f-a109-409e-b34e-d8af2c348e6c","pvc-cb1b665f-a109-409e-b34e-d8af2c348e6c","mc_asagroup_mssql_westeurope"
"gray-hippo-iafsod-dev-001","/subscriptions/7d1e47f2-bc3e-41b8-b67a-123e4b749106/resourcegroups/aro-c897pmg3/providers/microsoft.compute/disks/pvc-cb39fa1f-2610-47dc-9e19-146d07df4379","pvc-cb39fa1f-2610-47dc-9e19-146d07df4379","aro-c897pmg3"
"turkiz-starfish-paasmamram-dev-001","/subscriptions/156ff441-7bb5-41c1-a8da-67022c55bfa2/resourcegroups/mc_asagroup_postgres_eastus/providers/microsoft.compute/disks/pvc-cbefecd1-61a9-4da4-9e83-9f6d189bd27c","pvc-cbefecd1-61a9-4da4-9e83-9f6d189bd27c","mc_asagroup_postgres_eastus"
"turkiz-starfish-paasmamram-dev-001","/subscriptions/156ff441-7bb5-41c1-a8da-67022c55bfa2/resourcegroups/mc_asagroup_postgres_eastus/providers/microsoft.compute/disks/pvc-d069fec5-5256-471d-be5e-3c015629cf70","pvc-d069fec5-5256-471d-be5e-3c015629cf70","mc_asagroup_postgres_eastus"
"turkiz-starfish-paasmamram-dev-001","/subscriptions/156ff441-7bb5-41c1-a8da-67022c55bfa2/resourcegroups/mc_asagroup_postgres_eastus/providers/microsoft.compute/disks/pvc-d6757f70-b8c1-4e37-a191-e00fca553a31","pvc-d6757f70-b8c1-4e37-a191-e00fca553a31","mc_asagroup_postgres_eastus"
"turkiz-key-bladeforce-dev-001","/subscriptions/fbb704cd-4474-4038-a29f-71ae665560e8/resourcegroups/aro-uwtd7zko/providers/microsoft.compute/disks/pvc-e3d1bde2-225c-49b7-b69c-fc57c8d242c3","pvc-e3d1bde2-225c-49b7-b69c-fc57c8d242c3","aro-uwtd7zko"
"turkiz-starfish-paasmamram-dev-001","/subscriptions/156ff441-7bb5-41c1-a8da-67022c55bfa2/resourcegroups/mc_asagroup_postgres_eastus/providers/microsoft.compute/disks/pvc-e537ff2c-fefb-4bbe-9ec8-af9db882f7a2","pvc-e537ff2c-fefb-4bbe-9ec8-af9db882f7a2","mc_asagroup_postgres_eastus"
"turkiz-key-bladeforce-dev-001","/subscriptions/fbb704cd-4474-4038-a29f-71ae665560e8/resourcegroups/aro-uwtd7zko/providers/microsoft.compute/disks/pvc-e5a92256-d39b-4eb8-87c6-4e4c65979089","pvc-e5a92256-d39b-4eb8-87c6-4e4c65979089","aro-uwtd7zko"
"turkiz-starfish-paasmamram-dev-001","/subscriptions/156ff441-7bb5-41c1-a8da-67022c55bfa2/resourcegroups/mc_asagroup_postgres_eastus/providers/microsoft.compute/disks/pvc-f164a328-7c99-4d98-b663-c76d43904824","pvc-f164a328-7c99-4d98-b663-c76d43904824","mc_asagroup_postgres_eastus"
"turkiz-starfish-paasmamram-dev-001","/subscriptions/156ff441-7bb5-41c1-a8da-67022c55bfa2/resourcegroups/mc_asagroup_postgres_eastus/providers/microsoft.compute/disks/pvc-f2ac47df-2e49-4f7c-aef7-fc562bd88197","pvc-f2ac47df-2e49-4f7c-aef7-fc562bd88197","mc_asagroup_postgres_eastus"
"turkiz-starfish-paasmamram-dev-001","/subscriptions/156ff441-7bb5-41c1-a8da-67022c55bfa2/resourcegroups/mc_asagroup_postgres_eastus/providers/microsoft.compute/disks/pvc-fc3f897e-20d3-4372-a508-1a3ab4f0014d","pvc-fc3f897e-20d3-4372-a508-1a3ab4f0014d","mc_asagroup_postgres_eastus"
"turkiz-starfish-tpaas-tst-001","/subscriptions/84a024ab-c349-4087-8bcf-6dd68551ff61/resourcegroups/aio/providers/microsoft.compute/disks/q","q","aio"
"turkiz-starfish-soc60-prd-001","/subscriptions/c7d12c96-ea18-4518-a244-5f3a603624fb/resourcegroups/hafifa/providers/microsoft.compute/disks/randomssh_osdisk_1_7b22534205cb4f53aaad5f4412dd1a93","randomssh_OsDisk_1_7b22534205cb4f53aaad5f4412dd1a93","hafifa"
"turkiz-starfish-soc60-prd-001","/subscriptions/c7d12c96-ea18-4518-a244-5f3a603624fb/resourcegroups/hafifa/providers/microsoft.compute/disks/randomvm_osdisk_1_27d7d4db650343c288e4239039013ebf","randomvm_OsDisk_1_27d7d4db650343c288e4239039013ebf","hafifa"
"black-coal-tam-prd-001","/subscriptions/0c79d7a8-82f0-46f9-a533-f9ec2464dddc/resourcegroups/openshift/providers/microsoft.compute/disks/registry-tz-disk-temp","registry-tz-disk-temp","openshift"
"turkiz-starfish-paasmamram-dev-001","/subscriptions/156ff441-7bb5-41c1-a8da-67022c55bfa2/resourcegroups/asagroup/providers/microsoft.compute/disks/rhel8test_datadisk_0","rhel8test_DataDisk_0","asagroup"
"turkiz-starfish-paasmamram-dev-001","/subscriptions/156ff441-7bb5-41c1-a8da-67022c55bfa2/resourcegroups/asagroup/providers/microsoft.compute/disks/rhel8test_osdisk_1_8e13e33a7a6546db92457cf7e6d388e1","rhel8test_OsDisk_1_8e13e33a7a6546db92457cf7e6d388e1","asagroup"
"olive-oil-amitpatzan-dev-001","/subscriptions/22063625-59a0-44dc-b928-de7b57f4172d/resourcegroups/smartbase/providers/microsoft.compute/disks/smartbasestaging_osdisk_1_f84df7bf02a94120b9b8057e918e3322","smartBaseStaging_OsDisk_1_f84df7bf02a94120b9b8057e918e3322","smartbase"
"olive-oil-amitpatzan-dev-001","/subscriptions/22063625-59a0-44dc-b928-de7b57f4172d/resourcegroups/smartbase/providers/microsoft.compute/disks/smartbasefrontendtest_osdisk_1_3020e1fdd2934d6da6624c866b7e8cb7","smartbasefrontendtest_OsDisk_1_3020e1fdd2934d6da6624c866b7e8cb7","smartbase"
"turkiz-starfish-soc60-prd-001","/subscriptions/c7d12c96-ea18-4518-a244-5f3a603624fb/resourcegroups/mamramclouddefender/providers/microsoft.compute/disks/snow-windows--os-disk","snow-windows--os-disk","mamramclouddefender"
"turkiz-starfish-soc60-prd-001","/subscriptions/c7d12c96-ea18-4518-a244-5f3a603624fb/resourcegroups/invastigations/providers/microsoft.compute/disks/soc-whatsapp-bot","soc-whatsapp-bot","invastigations"
"gray-hippo-iafsod-dev-001","/subscriptions/7d1e47f2-bc3e-41b8-b67a-123e4b749106/resourcegroups/infra/providers/microsoft.compute/disks/sodbuild2-old-disk","sodbuild2-old-disk","infra"
"gray-hippo-iafsod-dev-001","/subscriptions/7d1e47f2-bc3e-41b8-b67a-123e4b749106/resourcegroups/infra/providers/microsoft.compute/disks/sodbuild2-osdisk-20210607-091219","sodbuild2-osdisk-20210607-091219","infra"
"gray-hippo-iafsod-dev-001","/subscriptions/7d1e47f2-bc3e-41b8-b67a-123e4b749106/resourcegroups/infra/providers/microsoft.compute/disks/sodbuild2_osdisk_1_324e074c41944039bb39a1f128a0bef8","sodbuild2_OsDisk_1_324e074c41944039bb39a1f128a0bef8","infra"
"gray-hippo-iafsod-dev-001","/subscriptions/7d1e47f2-bc3e-41b8-b67a-123e4b749106/resourcegroups/infra/providers/microsoft.compute/disks/sodexchange-osdisk-20201022-081331","sodexchange-osdisk-20201022-081331","infra"
"gray-hippo-iafsod-dev-001","/subscriptions/7d1e47f2-bc3e-41b8-b67a-123e4b749106/resourcegroups/infra/providers/microsoft.compute/disks/sodtest1_osdisk_1_ea662df3ca45473bac5296023f8da0d2","sodtest1_OsDisk_1_ea662df3ca45473bac5296023f8da0d2","infra"
"olive-hina-maabedetmeamnim01-dev-001","/subscriptions/b722cd85-7985-4d36-86fa-9ba47820476a/resourcegroups/startrek/providers/microsoft.compute/disks/startrek_osdisk_1_b375ca8ce2e1462192f58dc01ea96b02","startrek_OsDisk_1_b375ca8ce2e1462192f58dc01ea96b02","startrek"
"olive-hina-maabedetmeamnim01-dev-001","/subscriptions/b722cd85-7985-4d36-86fa-9ba47820476a/resourcegroups/startrek/providers/microsoft.compute/disks/startrek_lun_0_2_38a0ea3df57745d7826a313a90c7f4e5","startrek_lun_0_2_38a0ea3df57745d7826a313a90c7f4e5","startrek"
"turkiz-starfish-soc60-prd-001","/subscriptions/c7d12c96-ea18-4518-a244-5f3a603624fb/resourcegroups/mamramclouddefender/providers/microsoft.compute/disks/suspectvm-dod","suspectVm-dod","mamramclouddefender"
"turkiz-starfish-soc60-prd-001","/subscriptions/c7d12c96-ea18-4518-a244-5f3a603624fb/resourcegroups/mamramclouddefender/providers/microsoft.compute/disks/sysdigfwrd2_disk1_f18f941568464bab9b19e63a78321117","sysdigFwrd2_disk1_f18f941568464bab9b19e63a78321117","mamramclouddefender"
"turkiz-starfish-soc60-prd-001","/subscriptions/c7d12c96-ea18-4518-a244-5f3a603624fb/resourcegroups/mamramclouddefender/providers/microsoft.compute/disks/sysdigfwrd_disk1_8f7ec025391e4524987310ec9473c6ea","sysdigFwrd_disk1_8f7ec025391e4524987310ec9473c6ea","mamramclouddefender"
"gray-hippo-talpi-prd-001","/subscriptions/30e26828-f43c-42c8-a898-df6e6d63f399/resourcegroups/matlam2.0/providers/microsoft.compute/disks/talpibotmachine_dockerregistry","talpibotmachine_dockerregistry","matlam2.0"
"gray-hippo-talpi-prd-001","/subscriptions/30e26828-f43c-42c8-a898-df6e6d63f399/resourcegroups/matlam2.0/providers/microsoft.compute/disks/talpibotmachine_newdisk","talpibotmachine_newdisk","matlam2.0"
"cloudadmin-sharedresources","/subscriptions/69d34344-d7b7-4dc2-aefa-fda3c77fb570/resourcegroups/cloud-shell-storage-westeurope/providers/microsoft.compute/disks/tamirrhel_osdisk_1_dc5887b9d83d467a836f738c4efa7577","tamirRHEL_OsDisk_1_dc5887b9d83d467a836f738c4efa7577","cloud-shell-storage-westeurope"
"olive-hina-maabedetmeamnim01-dev-001","/subscriptions/b722cd85-7985-4d36-86fa-9ba47820476a/resourcegroups/idfitness/providers/microsoft.compute/disks/testvm2_disk1_18a64b7e0b43449881e19a4c5e8add66","testVM2_disk1_18a64b7e0b43449881e19a4c5e8add66","idfitness"
"olive-hina-maabedetmeamnim01-dev-001","/subscriptions/b722cd85-7985-4d36-86fa-9ba47820476a/resourcegroups/idfitness/providers/microsoft.compute/disks/testvm_disk1_b8fe7f59176b4193bb026bc624b16c6a","testVM_disk1_b8fe7f59176b4193bb026bc624b16c6a","idfitness"
"turkiz-starfish-soc60-prd-001","/subscriptions/c7d12c96-ea18-4518-a244-5f3a603624fb/resourcegroups/invastigations/providers/microsoft.compute/disks/tools","tools","invastigations"
"turkiz-starfish-soc60-prd-001","/subscriptions/c7d12c96-ea18-4518-a244-5f3a603624fb/resourcegroups/invastigations/providers/microsoft.compute/disks/tools1","tools1","invastigations"
"yellow-corn-dvr-prd-002","/subscriptions/2f2c5750-04c8-4379-9a1f-1b1aba9fe730/resourcegroups/microsft-dotz/providers/microsoft.compute/disks/vm01-ch12_osdisk_1_9a57813436274ee6a31477f5825b1eb9","vm01-ch12_OsDisk_1_9a57813436274ee6a31477f5825b1eb9","microsft-dotz"
"turkiz-starfish-soc60-prd-001","/subscriptions/c7d12c96-ea18-4518-a244-5f3a603624fb/resourcegroups/mamramclouddefender/providers/microsoft.compute/disks/voddc_disk","vodDC_disk","mamramclouddefender"
"turkiz-starfish-soc60-prd-001","/subscriptions/c7d12c96-ea18-4518-a244-5f3a603624fb/resourcegroups/mamramclouddefender/providers/microsoft.compute/disks/voddc_disk2","vodDC_disk2","mamramclouddefender"
"turkiz-starfish-soc60-prd-001","/subscriptions/c7d12c96-ea18-4518-a244-5f3a603624fb/resourcegroups/mamramclouddefender/providers/microsoft.compute/disks/vodinvastigationdisk","vodInvastigationDisk","mamramclouddefender"
"turkiz-starfish-soc60-prd-001","/subscriptions/c7d12c96-ea18-4518-a244-5f3a603624fb/resourcegroups/mamramclouddefender/providers/microsoft.compute/disks/yumtest_osdisk_1_48208b373e8a4b92befb095033a8a3b9","yumtest_OsDisk_1_48208b373e8a4b92befb095033a8a3b9","mamramclouddefender"