department,Environment,subscription_name,resource_identifier,resource_type,resource_location,consecutive_days,description,potential monthly savings
turkiz,dev,turkiz-key-bladeforce-dev-001,gitlab-ip,microsoft.network/publicipaddresses,eastus,13,not associated with a nic,9.192959785
turkiz,dev,turkiz-starfish-semca-dev-001,project-apache-ip,microsoft.network/publicipaddresses,westeurope,5,not associated with a nic,8.842194653
turkiz,dev,turkiz-starfish-cloudlets-dev-001,rhel-92-x86-ip,microsoft.network/publicipaddresses,westeurope,13,not associated with a nic,6.894719839
turkiz,tst,turkiz-starfish-mamauthsolutions-tst-001,sql2-ip,microsoft.network/publicipaddresses,westeurope,13,not associated with a nic,6.894719839
turkiz,tst,turkiz-starfish-mamauthsolutions-tst-001,ex02-publicip,microsoft.network/publicipaddresses,westeurope,13,not associated with a nic,6.56640017
turkiz,prd,turkiz-starfish-clickmamram-prd-004,dc01-nic,microsoft.network/publicipaddresses,eastus,13,not associated with a nic,6.56640017
turkiz,tst,turkiz-starfish-mamauthsolutions-tst-001,adfs01-publicip,microsoft.network/publicipaddresses,westeurope,13,not associated with a nic,6.56640017
turkiz,tst,turkiz-starfish-mamauthsolutions-tst-001,vm1234mid1sql1-ip,microsoft.network/publicipaddresses,westeurope,8,not associated with a nic,4.596479893
turkiz,tst,turkiz-starfish-mamauthsolutions-tst-001,vm1234mid1wks-ip,microsoft.network/publicipaddresses,westeurope,8,not associated with a nic,4.596479893
turkiz,tst,turkiz-starfish-mamauthsolutions-tst-001,noam3-sql-ip,microsoft.network/publicipaddresses,westeurope,13,not associated with a nic,4.596479893
turkiz,dev,turkiz-starfish-evenmit-dev-001,ext-fw,microsoft.network/publicipaddresses,northeurope,13,not associated with a nic,4.596479893
turkiz,tst,turkiz-starfish-mamauthsolutions-tst-001,vm123mid1dc1-ip,microsoft.network/publicipaddresses,eastus,13,not associated with a nic,4.596479893
turkiz,tst,turkiz-starfish-mamauthsolutions-tst-001,vm1234mid1sql2-ip,microsoft.network/publicipaddresses,westeurope,8,not associated with a nic,4.596479893
turkiz,prd,turkiz-starfish-mampm-prd-002,wsuswsussrv2ip986,microsoft.network/publicipaddresses,westeurope,13,not associated with a nic,4.596479893
turkiz,tst,turkiz-starfish-mamauthsolutions-tst-001,sql3-ip,microsoft.network/publicipaddresses,westeurope,12,not associated with a nic,4.596479893
turkiz,prd,turkiz-starfish-aufalze-prd-01,bgndevelopment-vnet-ip,microsoft.network/publicipaddresses,westeurope,13,not associated with a nic,4.596479893
turkiz,tst,turkiz-starfish-mamauthsolutions-tst-001,vm1234mid1web-ip,microsoft.network/publicipaddresses,eastus,13,not associated with a nic,4.596479893
turkiz,prd,turkiz-starfish-aufalze-prd-01,vnet-terminal-prod-ip,microsoft.network/publicipaddresses,westeurope,13,not associated with a nic,4.596479893
turkiz,dev,turkiz-starfish-semca-dev-001,inter-ca1-ip,microsoft.network/publicipaddresses,eastus,13,not associated with a nic,4.596479893
turkiz,dev,turkiz-starfish-evenmit-dev-001,app-gw-pip,microsoft.network/publicipaddresses,northeurope,13,not associated with a nic,4.596479893
turkiz,prd,turkiz-starfish-soc60-prd-001,zerman-ip,microsoft.network/publicipaddresses,westeurope,13,not associated with a nic,4.596479893
turkiz,dev,turkiz-starfish-paasmamram-dev-001,asagroup-vnet-ip,microsoft.network/publicipaddresses,eastus,13,not associated with a nic,4.596479893
turkiz,dev,turkiz-starfish-paasmamram-dev-001,asagroupvnet688-ip,microsoft.network/publicipaddresses,westeurope,13,not associated with a nic,4.596479893
turkiz,prd,turkiz-starfish-soc60-prd-001,tavernadevnetwork-ip,microsoft.network/publicipaddresses,westeurope,13,not associated with a nic,4.596479893
turkiz,tst,turkiz-starfish-mamauthsolutions-tst-001,eladspcacheip392,microsoft.network/publicipaddresses,westeurope,13,not associated with a nic,4.596479893
turkiz,tst,turkiz-starfish-tpaas-tst-001,aio-ip,microsoft.network/publicipaddresses,westeurope,13,not associated with a nic,4.596479893
black,prd,black-coal-tam-prd-001,subnet-ben-publicipaddress,microsoft.network/publicipaddresses,westeurope,13,not associated with a nic,4.596479893
turkiz,tst,turkiz-starfish-mamauthsolutions-tst-001,pip-prodnet-westeurope-10subnet,microsoft.network/publicipaddresses,westeurope,13,not associated with a nic,4.596479893
turkiz,tst,turkiz-starfish-mamauthsolutions-tst-001,sql-server1-ip,microsoft.network/publicipaddresses,westeurope,13,not associated with a nic,4.596479893
turkiz,prd,turkiz-starfish-aufalze-prd-01,bgnproduction-vnet-ip,microsoft.network/publicipaddresses,westeurope,13,not associated with a nic,4.596479893
turkiz,prd,turkiz-starfish-mcs-prd-001,danielle-milhama-vnet-ip,microsoft.network/publicipaddresses,westeurope,13,not associated with a nic,4.596479893
turkiz,tst,turkiz-starfish-mamauthsolutions-tst-001,vm1ip880,microsoft.network/publicipaddresses,eastus,13,not associated with a nic,4.596479893
turkiz,prd,turkiz-starfish-tikshuv-prd-001,campus-preprod-bastion-public-ip,microsoft.network/publicipaddresses,westeurope,13,not associated with a nic,4.596479893
turkiz,prd,cloudadmin-sharedresources,vnet-mcs-wvd-ip,microsoft.network/publicipaddresses,westeurope,13,not associated with a nic,4.596479893
turkiz,dev,turkiz-starfish-paasmamram-dev-001,mongo1-ip,microsoft.network/publicipaddresses,northeurope,13,not associated with a nic,4.596479893
turkiz,tst,turkiz-starfish-mamauthsolutions-tst-001,dc1-ip,microsoft.network/publicipaddresses,westeurope,13,not associated with a nic,4.596479893
turkiz,tst,turkiz-starfish-mamauthsolutions-tst-001,skype1ip626,microsoft.network/publicipaddresses,eastus,13,not associated with a nic,4.596479893
turkiz,prd,turkiz-starfish-aufalze-prd-01,vpn_gw_ip2_prod,microsoft.network/publicipaddresses,westeurope,13,not associated with a nic,4.596479893
turkiz,dev,turkiz-starfish-paasmamram-dev-001,ad-for-oracle-ip,microsoft.network/publicipaddresses,eastus,13,not associated with a nic,4.596479893
turkiz,tst,turkiz-starfish-mamauthsolutions-tst-001,zm-rmsapp2-ip,microsoft.network/publicipaddresses,westeurope,13,not associated with a nic,4.596479893
turkiz,prd,turkiz-starfish-soc60-prd-001,pip-seeing2virtualnetwork-westeurope-newsubnet,microsoft.network/publicipaddresses,westeurope,13,not associated with a nic,4.596479893
turkiz,prd,turkiz-starfish-soc60-prd-001,tavernadevnetworkip994,microsoft.network/publicipaddresses,westeurope,13,not associated with a nic,4.596479893
turkiz,tst,turkiz-starfish-mamauthsolutions-tst-001,fe-ip,microsoft.network/publicipaddresses,westeurope,13,not associated with a nic,4.596479893
turkiz,dev,turkiz-starfish-semca-dev-001,rhel7-vuls-ip,microsoft.network/publicipaddresses,westeurope,13,not associated with a nic,4.596479893
turkiz,prd,turkiz-starfish-soc60-prd-001,tavernadevnetworkip593,microsoft.network/publicipaddresses,westeurope,13,not associated with a nic,4.596479893
turkiz,prd,turkiz-starfish-soc60-prd-001,mamramclouddefendervnet357-ip,microsoft.network/publicipaddresses,westus,13,not associated with a nic,4.596479893
turkiz,tst,turkiz-starfish-mamauthsolutions-tst-001,skypebe2-ip,microsoft.network/publicipaddresses,eastus,13,not associated with a nic,4.596479893
turkiz,tst,turkiz-starfish-mamauthsolutions-tst-001,be-ip,microsoft.network/publicipaddresses,westeurope,8,not associated with a nic,4.596479893
turkiz,prd,turkiz-starfish-click-mamram-prd-001,euprdocrimagestorevmvnetip529,microsoft.network/publicipaddresses,eastus,13,not associated with a nic,4.596479893
turkiz,tst,turkiz-starfish-mamauthsolutions-tst-001,exch1-ip,microsoft.network/publicipaddresses,eastus,11,not associated with a nic,4.596479893
turkiz,dev,turkiz-key-bladeforce-dev-001,confluence-ip,microsoft.network/publicipaddresses,eastus,13,not associated with a nic,4.596479893
black,prd,black-coal-tam-prd-001,subnet-ben-publicipaddress2,microsoft.network/publicipaddresses,westeurope,13,not associated with a nic,4.596479893
turkiz,tst,turkiz-starfish-mamauthsolutions-tst-001,skype2ip996,microsoft.network/publicipaddresses,eastus,13,not associated with a nic,4.596479893
turkiz,prd,turkiz-starfish-aufalze-prd-01,bgndevelopment-vnet-bastion-pip,microsoft.network/publicipaddresses,westeurope,13,not associated with a nic,4.596479893
turkiz,prd,turkiz-starfish-soc60-prd-001,crocodi1e-ip,microsoft.network/publicipaddresses,westeurope,13,not associated with a nic,4.596479893
turkiz,tst,turkiz-starfish-mamauthsolutions-tst-001,vr1234mid2dc1-ip,microsoft.network/publicipaddresses,westeurope,13,not associated with a nic,4.596479893
turkiz,tst,turkiz-starfish-mamauthsolutions-tst-001,tfsharepointvnetip956,microsoft.network/publicipaddresses,westeurope,13,not associated with a nic,4.596479893
turkiz,tst,turkiz-starfish-mamauthsolutions-tst-001,vm1234mid1dc1-ip,microsoft.network/publicipaddresses,westeurope,8,not associated with a nic,4.596479893
turkiz,tst,turkiz-starfish-mamauthsolutions-tst-001,sptest-ip,microsoft.network/publicipaddresses,westeurope,13,not associated with a nic,4.596479893
turkiz,tst,turkiz-starfish-mamauthsolutions-tst-001,sql3-ip,microsoft.network/publicipaddresses,westeurope,13,not associated with a nic,4.596479893
turkiz,tst,turkiz-starfish-mamauthsolutions-tst-001,vr1234mid1web-ip,microsoft.network/publicipaddresses,westeurope,8,not associated with a nic,4.596479893
turkiz,tst,turkiz-starfish-mamauthsolutions-tst-001,skype2-3-ip,microsoft.network/publicipaddresses,eastus,13,not associated with a nic,4.596479893
turkiz,tst,turkiz-starfish-mamauthsolutions-tst-001,vr123mid2dc1-ip,microsoft.network/publicipaddresses,eastus,13,not associated with a nic,4.596479893
turkiz,tst,turkiz-starfish-mamauthsolutions-tst-001,skype1-ip,microsoft.network/publicipaddresses,eastus,13,not associated with a nic,4.596479893
turkiz,tst,turkiz-starfish-mamauthsolutions-tst-001,prodnet-ip,microsoft.network/publicipaddresses,westeurope,13,not associated with a nic,4.596479893
turkiz,tst,turkiz-starfish-mamauthsolutions-tst-001,sharepoint-sql-ip,microsoft.network/publicipaddresses,westeurope,13,not associated with a nic,4.596479893
turkiz,prd,turkiz-starfish-tikshuv-prd-001,campus-qa-bastion-public-ip,microsoft.network/publicipaddresses,westeurope,13,not associated with a nic,4.596479893
turkiz,tst,turkiz-starfish-mamauthsolutions-tst-001,vm1234mid1srv-ip,microsoft.network/publicipaddresses,eastus,13,not associated with a nic,4.596479893
turkiz,tst,turkiz-starfish-mamauthsolutions-tst-001,vm1234mid1dc2-ip,microsoft.network/publicipaddresses,westeurope,8,not associated with a nic,4.596479893
turkiz,dev,turkiz-starfish-metadata-dev-001,apim-deleteme,microsoft.network/publicipaddresses,eastus,13,not associated with a nic,4.596479893
turkiz,tst,turkiz-starfish-mamauthsolutions-tst-001,vm123mid1dc2ip638,microsoft.network/publicipaddresses,eastus,13,not associated with a nic,4.596479893
turkiz,tst,turkiz-starfish-mamauthsolutions-tst-001,skype12ip274,microsoft.network/publicipaddresses,eastus,13,not associated with a nic,4.596479893
turkiz,tst,turkiz-starfish-mamauthsolutions-tst-001,vm1234mid1web-ip,microsoft.network/publicipaddresses,westeurope,8,not associated with a nic,4.596479893
turkiz,tst,turkiz-starfish-mashands-tst-001,gpu-virtual-machine-ip,microsoft.network/publicipaddresses,westeurope,13,not associated with a nic,4.596479893
turkiz,dev,turkiz-key-bladeforce-dev-001,gitlab-runner1-ip,microsoft.network/publicipaddresses,eastus,13,not associated with a nic,4.596479893
turkiz,tst,turkiz-starfish-mamauthsolutions-tst-001,vm1234mid1sql1ip609,microsoft.network/publicipaddresses,eastus,13,not associated with a nic,4.596479893
turkiz,tst,turkiz-starfish-mamauthsolutions-tst-001,vm1234mid1dc1-ip,microsoft.network/publicipaddresses,westeurope,13,not associated with a nic,4.596479893
turkiz,tst,turkiz-starfish-mcs-tst-003,revokesessionnewvm-ip,microsoft.network/publicipaddresses,westeurope,13,not associated with a nic,4.596479893
turkiz,tst,turkiz-starfish-mamauthsolutions-tst-001,skypebe1-ip,microsoft.network/publicipaddresses,eastus,13,not associated with a nic,4.596479893
turkiz,dev,turkiz-starfish-paasmamram-dev-001,myakspublicip,microsoft.network/publicipaddresses,westeurope,13,not associated with a nic,4.596479893
turkiz,dev,turkiz-starfish-paasmamram-dev-001,mongo1ip429,microsoft.network/publicipaddresses,northeurope,13,not associated with a nic,4.596479893
turkiz,prd,turkiz-starfish-soc60-prd-001,metzah-linux-westeurope-ip,microsoft.network/publicipaddresses,westeurope,13,not associated with a nic,4.596479893
turkiz,tst,turkiz-starfish-mamauthsolutions-tst-001,vm1234mid1web-ip,microsoft.network/publicipaddresses,westeurope,13,not associated with a nic,4.596479893
turkiz,prd,turkiz-starfish-soc60-prd-001,miluim-app-prod-vm1-investigation-ip,microsoft.network/publicipaddresses,westeurope,13,not associated with a nic,4.596479893
turkiz,tst,turkiz-starfish-mashands-tst-001,gpu-virtual-machine-ip,microsoft.network/publicipaddresses,westeurope,12,not associated with a nic,4.596479893
turkiz,dev,turkiz-starfish-evenmit-dev-001,lighthouse-test-apim-pip,microsoft.network/publicipaddresses,northeurope,13,not associated with a nic,4.596479893
turkiz,tst,turkiz-starfish-mamauthsolutions-tst-001,vr1234mid1sql1-ip,microsoft.network/publicipaddresses,westeurope,8,not associated with a nic,4.596479893
turkiz,tst,turkiz-starfish-mamauthsolutions-tst-001,sql2ip672,microsoft.network/publicipaddresses,westeurope,13,not associated with a nic,4.596479893
turkiz,tst,turkiz-starfish-mamauthsolutions-tst-001,skype1-2-ip,microsoft.network/publicipaddresses,eastus,13,not associated with a nic,4.596479893
turkiz,tst,turkiz-starfish-mamauthsolutions-tst-001,skype1-3-ip,microsoft.network/publicipaddresses,eastus,13,not associated with a nic,4.596479893
turkiz,tst,turkiz-starfish-mamauthsolutions-tst-001,sitea-mbx-12r2-xch-1-ip,microsoft.network/publicipaddresses,westeurope,13,not associated with a nic,4.596479893
turkiz,prd,turkiz-starfish-soc60-prd-001,eyalvmwin-ip,microsoft.network/publicipaddresses,westeurope,13,not associated with a nic,4.596479893
turkiz,tst,turkiz-starfish-mamauthsolutions-tst-001,skype2-ip,microsoft.network/publicipaddresses,eastus,13,not associated with a nic,4.596479893
turkiz,tst,turkiz-starfish-mamauthsolutions-tst-001,vm1234mid1dc1ip333,microsoft.network/publicipaddresses,westeurope,13,not associated with a nic,4.596479893
turkiz,prd,turkiz-starfish-csec-prd-123,dsozappgwip,microsoft.network/publicipaddresses,westeurope,13,not associated with a nic,4.596479893
turkiz,tst,turkiz-starfish-mamauthsolutions-tst-001,sccmsqlip363,microsoft.network/publicipaddresses,westeurope,13,not associated with a nic,4.596479893
turkiz,tst,turkiz-starfish-mamauthsolutions-tst-001,pip-sql1-vnet-westeurope-default,microsoft.network/publicipaddresses,westeurope,13,not associated with a nic,4.596479893
black,prd,black-coal-tam-prd-001,cyberlogcollection-vnet-ip,microsoft.network/publicipaddresses,westeurope,13,not associated with a nic,4.596479893
turkiz,tst,turkiz-starfish-mamauthsolutions-tst-001,zm-rmsapp1-ip,microsoft.network/publicipaddresses,westeurope,13,not associated with a nic,4.596479893
turkiz,prd,turkiz-starfish-aufalze-prd-01,vpn_gw_ip1_prod,microsoft.network/publicipaddresses,westeurope,13,not associated with a nic,4.596479893
turkiz,tst,turkiz-starfish-mamauthsolutions-tst-001,zm-rmsapptestnoam-ip,microsoft.network/publicipaddresses,westeurope,13,not associated with a nic,4.596479893
turkiz,prd,turkiz-starfish-soc60-prd-001,eyalvmwinip731,microsoft.network/publicipaddresses,westeurope,13,not associated with a nic,4.596479893
turkiz,tst,turkiz-starfish-mamauthsolutions-tst-001,vr1234mid1sql1ip297,microsoft.network/publicipaddresses,eastus,13,not associated with a nic,4.596479893
turkiz,prd,turkiz-starfish-soc60-prd-001,amitgenkintest-ip,microsoft.network/publicipaddresses,westeurope,13,not associated with a nic,4.596479893
turkiz,tst,turkiz-starfish-mamauthsolutions-tst-001,kuntzlinux-ip,microsoft.network/publicipaddresses,westeurope,12,not associated with a nic,4.596479893
turkiz,tst,turkiz-starfish-mamauthsolutions-tst-001,pip-prodnet-westeurope-10subnet2,microsoft.network/publicipaddresses,westeurope,13,not associated with a nic,4.596479893
turkiz,tst,turkiz-starfish-mamauthsolutions-tst-001,skype2-2-ip,microsoft.network/publicipaddresses,eastus,13,not associated with a nic,4.596479893
black,prd,black-coal-tam-prd-001,gns3-tavor-ip,microsoft.network/publicipaddresses,westeurope,13,not associated with a nic,4.596479893
turkiz,tst,turkiz-starfish-mamauthsolutions-tst-001,vr1234mid1sql2-ip,microsoft.network/publicipaddresses,westeurope,13,not associated with a nic,4.596479893
turkiz,tst,turkiz-starfish-mamauthsolutions-tst-001,skype12ip916,microsoft.network/publicipaddresses,eastus,13,not associated with a nic,4.596479893
turkiz,dev,turkiz-key-bladeforce-dev-001,dbot-vnet-ip,microsoft.network/publicipaddresses,westeurope,13,not associated with a nic,4.596479893
turkiz,prd,turkiz-starfish-soc60-prd-001,fwpublicip,microsoft.network/publicipaddresses,westeurope,13,not associated with a nic,4.596479893
turkiz,tst,turkiz-starfish-mamauthsolutions-tst-001,vm1234mid1srv-ip,microsoft.network/publicipaddresses,westeurope,13,not associated with a nic,4.596479893
turkiz,tst,turkiz-starfish-mamauthsolutions-tst-001,sql2-ip2,microsoft.network/publicipaddresses,westeurope,8,not associated with a nic,4.596479893
turkiz,prd,turkiz-starfish-soc60-prd-001,pip-seeingvirtualnetwork-westeurope-newsubnet,microsoft.network/publicipaddresses,westeurope,13,not associated with a nic,4.596479893
turkiz,prd,turkiz-starfish-soc60-prd-001,nakashvnip420,microsoft.network/publicipaddresses,westeurope,13,not associated with a nic,4.596479893
turkiz,dev,turkiz-starfish-paasmamram-dev-001,mysqldata-ip,microsoft.network/publicipaddresses,eastus,13,not associated with a nic,4.596479893
turkiz,tst,turkiz-starfish-mamauthsolutions-tst-001,tf-sharepoint-vnet-ip,microsoft.network/publicipaddresses,westeurope,13,not associated with a nic,4.596479893
turkiz,prd,turkiz-starfish-csec-prd-123,pip-dsoz,microsoft.network/publicipaddresses,westeurope,13,not associated with a nic,4.596479893
turkiz,prd,turkiz-starfish-click-mamram-prd-001,eu-prd-ocr-imagestore-vm-vnet-ip,microsoft.network/publicipaddresses,eastus,13,not associated with a nic,4.596479893
turkiz,prd,turkiz-starfish-soc60-prd-001,redhat-test-ip,microsoft.network/publicipaddresses,westeurope,5,not associated with a nic,4.596479893
turkiz,tst,turkiz-starfish-mamauthsolutions-tst-001,testing2-iis-ip,microsoft.network/publicipaddresses,eastus,6,not associated with a nic,4.596479893
turkiz,tst,turkiz-starfish-mamauthsolutions-tst-001,sharepoint-front-ip,microsoft.network/publicipaddresses,westeurope,13,not associated with a nic,4.596479893
turkiz,tst,turkiz-starfish-mamauthsolutions-tst-001,vr1234mid1sql2ip434,microsoft.network/publicipaddresses,westeurope,13,not associated with a nic,4.596479893
turkiz,tst,turkiz-starfish-mamauthsolutions-tst-001,vm1234mid1dc2-ip,microsoft.network/publicipaddresses,westeurope,13,not associated with a nic,4.596479893
turkiz,prd,turkiz-starfish-csec-prd-123,pip-grafana-smtp-vnet-westeurope-default,microsoft.network/publicipaddresses,westeurope,13,not associated with a nic,4.596479893
turkiz,dev,turkiz-starfish-evenmit-dev-001,hub-ip,microsoft.network/publicipaddresses,northeurope,13,not associated with a nic,4.596479893
turkiz,tst,turkiz-starfish-mamauthsolutions-tst-001,vm1234mid1srv-ip,microsoft.network/publicipaddresses,westeurope,8,not associated with a nic,4.596479893
turkiz,dev,turkiz-starfish-metadata-dev-001,ocp-blackedition-hcq4w-ad51772161e1f4793b6058bf00378790,microsoft.network/publicipaddresses,northeurope,13,not associated with a nic,4.596275592
turkiz,dev,turkiz-starfish-metadata-dev-001,ocp-blackedition-hcq4w-abed6893e30c5469e8b823de49fa48e2,microsoft.network/publicipaddresses,northeurope,13,not associated with a nic,4.596266985
turkiz,dev,turkiz-starfish-cloudlets-dev-001,coldvnet754ip940,microsoft.network/publicipaddresses,eastus,13,not associated with a nic,4.588819289
turkiz,dev,turkiz-starfish-cloudlets-dev-001,vpn-publicip,microsoft.network/publicipaddresses,eastus,13,not associated with a nic,4.588819289
turkiz,dev,turkiz-starfish-cloudlets-dev-001,coldvnet754ip165,microsoft.network/publicipaddresses,eastus,13,not associated with a nic,4.588819289
turkiz,dev,turkiz-starfish-cloudlets-dev-001,coldvnet754ip711,microsoft.network/publicipaddresses,eastus,13,not associated with a nic,4.588819289
turkiz,dev,turkiz-starfish-cloudlets-dev-001,coldvnet754-ip,microsoft.network/publicipaddresses,eastus,13,not associated with a nic,4.588819289
gray,prd,gray-rhino-hub-prd-001,we-prd-hub-fw-pip,microsoft.network/publicipaddresses,westeurope,13,not associated with a nic,4.588819289
turkiz,tst,turkiz-starfish-mamauthsolutions-tst-001,sccmdb1-ip,microsoft.network/publicipaddresses,westeurope,13,not associated with a nic,4.551115131
turkiz,tst,turkiz-starfish-mamauthsolutions-tst-001,dc2xch-ip,microsoft.network/publicipaddresses,eastus,8,not associated with a nic,4.521298981
turkiz,tst,turkiz-starfish-mamauthsolutions-tst-001,mb2xch-ip,microsoft.network/publicipaddresses,eastus,1,not associated with a nic,4.520604992
turkiz,tst,turkiz-starfish-mamauthsolutions-tst-001,mb2xchip388,microsoft.network/publicipaddresses,eastus,1,not associated with a nic,4.467811108
turkiz,tst,turkiz-starfish-mcs-tst-003,roee-test-vm-ip,microsoft.network/publicipaddresses,westeurope,4,not associated with a nic,4.456874895
turkiz,dev,turkiz-key-bladeforce-dev-001,sadabdc-ip,microsoft.network/publicipaddresses,germanywestcentral,13,not associated with a nic,3.283200085
turkiz,prd,turkiz-starfish-soc60-prd-001,clonepublicip897328648,microsoft.network/publicipaddresses,westeurope,13,not associated with a nic,3.283200085
pink,prd,pink-flamingo-m88-prd-001,idfmp-bluelily-dc-ip,microsoft.network/publicipaddresses,westeurope,13,not associated with a nic,3.283200085
turkiz,dev,turkiz-key-bladeforce-dev-001,app1-ip,microsoft.network/publicipaddresses,germanywestcentral,13,not associated with a nic,3.283200085
pink,prd,pink-cyclamen-crm-prd-001,aka01ad,microsoft.network/publicipaddresses,westeurope,13,not associated with a nic,3.283200085
turkiz,dev,turkiz-key-bladeforce-dev-001,monster-ip,microsoft.network/publicipaddresses,germanywestcentral,13,not associated with a nic,3.283200085
turkiz,dev,turkiz-starfish-metadata-dev-001,public-ip-client1,microsoft.network/publicipaddresses,northeurope,13,not associated with a nic,3.283200085
turkiz,prd,turkiz-starfish-soc60-prd-001,clonepublicip1976282783,microsoft.network/publicipaddresses,westeurope,13,not associated with a nic,3.283200085
turkiz,dev,turkiz-starfish-metadata-dev-001,public-ip-client2,microsoft.network/publicipaddresses,northeurope,13,not associated with a nic,3.283200085
turkiz,dev,turkiz-starfish-paasmamram-dev-001,opendatahub-2,microsoft.network/publicipaddresses,eastus,13,not associated with a nic,3.283200085
pink,prd,pink-flamingo-m88-prd-001,idfmp-bluelily-ca-ip,microsoft.network/publicipaddresses,westeurope,13,not associated with a nic,3.283200085
turkiz,prd,turkiz-starfish-mamauthsolutions-tst-001,dc01-nic,microsoft.network/publicipaddresses,westeurope,13,not associated with a nic,3.283200085
turkiz,prd,turkiz-starfish-csec-prd-123,sonarqube-ng-ip,microsoft.network/publicipaddresses,westeurope,13,not associated with a nic,3.283200085
turkiz,dev,turkiz-starfish-semca-dev-001,pvwa-ip,microsoft.network/publicipaddresses,eastus2,13,not associated with a nic,3.283200085
olive,dev,olive-hina-maabedetmeamnim01-dev-001,ctmaster-ip,microsoft.network/publicipaddresses,uksouth,13,not associated with a nic,3.283200085
turkiz,prd,turkiz-starfish-soc60-prd-001,devsecops-cloud-ip,microsoft.network/publicipaddresses,westeurope,13,not associated with a nic,3.283200085
turkiz,dev,turkiz-key-bladeforce-dev-001,newsky-ip,microsoft.network/publicipaddresses,germanywestcentral,13,not associated with a nic,3.283200085
turkiz,dev,turkiz-key-bladeforce-dev-001,jenkins-ip,microsoft.network/publicipaddresses,uksouth,13,not associated with a nic,3.283200085
pink,prd,pink-flamingo-galatzarcive-prd-001,netappezrachitlvconn-ip298,microsoft.network/publicipaddresses,westeurope,13,not associated with a nic,3.283200085
turkiz,dev,turkiz-starfish-cloudlets-dev-001,david-public-ip,microsoft.network/publicipaddresses,eastus,13,not associated with a nic,3.277728128
turkiz,dev,turkiz-starfish-semca-dev-001,reds-servers-publicipaddress2,microsoft.network/publicipaddresses,westeurope,13,not associated with a nic,3.202214265
turkiz,dev,turkiz-starfish-semca-dev-001,reds-dc-ip,microsoft.network/publicipaddresses,westeurope,13,not associated with a nic,3.202214265
turkiz,dev,turkiz-starfish-semca-dev-001,reds-cifsserver-ip,microsoft.network/publicipaddresses,westeurope,13,not associated with a nic,3.202214265
turkiz,dev,turkiz-starfish-semca-dev-001,roy-ws-ip,microsoft.network/publicipaddresses,westeurope,13,not associated with a nic,3.202214265
turkiz,dev,turkiz-starfish-semca-dev-001,team3domainserver1-ip,microsoft.network/publicipaddresses,westeurope,13,not associated with a nic,3.202214265
turkiz,dev,turkiz-starfish-semca-dev-001,t3ds1023smtp-ip,microsoft.network/publicipaddresses,westeurope,13,not associated with a nic,3.202214265
turkiz,dev,turkiz-starfish-semca-dev-001,maya-server2-ip,microsoft.network/publicipaddresses,westeurope,13,not associated with a nic,2.298239946
turkiz,tst,turkiz-starfish-mcs-tst-003,yarden-ip,microsoft.network/publicipaddresses,westeurope,13,not associated with a nic,2.298239946
turkiz,dev,turkiz-starfish-cloudlets-dev-001,pirate-test-ip,microsoft.network/publicipaddresses,westeurope,12,not associated with a nic,2.298239946
turkiz,tst,turkiz-starfish-mamauthsolutions-tst-001,dhcptest-ip,microsoft.network/publicipaddresses,westeurope,12,not associated with a nic,2.298239946
turkiz,dev,turkiz-starfish-shahar-dev-001,shai-ip,microsoft.network/publicipaddresses,eastus,13,not associated with a nic,2.298239946
gray,prd,gray-hippo-talpi-prd-001,soccerfield-ip,microsoft.network/publicipaddresses,westeurope,12,not associated with a nic,2.298239946
turkiz,dev,turkiz-starfish-paasmamram-dev-001,haproxy-ip,microsoft.network/publicipaddresses,eastus,12,not associated with a nic,2.298239946
turkiz,dev,turkiz-starfish-paasmamram-dev-001,omer1-ip,microsoft.network/publicipaddresses,eastus,13,not associated with a nic,2.298239946
turkiz,dev,turkiz-starfish-paasmamram-dev-001,oracle-ip,microsoft.network/publicipaddresses,eastus,13,not associated with a nic,2.298239946
turkiz,tst,turkiz-starfish-mamauthsolutions-tst-001,ex2ip231,microsoft.network/publicipaddresses,westeurope,13,not associated with a nic,2.298239946
pink,prd,pink-flamingo-galatzarcive-prd-001,azuregw_public_ip,microsoft.network/publicipaddresses,westeurope,13,not associated with a nic,2.298239946
turkiz,dev,turkiz-starfish-cloudlets-dev-001,danko-devel-ip,microsoft.network/publicipaddresses,westeurope,12,not associated with a nic,2.298239946
turkiz,tst,turkiz-starfish-mamauthsolutions-tst-001,dc1ip310,microsoft.network/publicipaddresses,westeurope,12,not associated with a nic,2.298239946
turkiz,tst,turkiz-starfish-mamauthsolutions-tst-001,sql1-ip,microsoft.network/publicipaddresses,westeurope,12,not associated with a nic,2.298239946
turkiz,tst,turkiz-starfish-mamauthsolutions-tst-001,ex1ip496,microsoft.network/publicipaddresses,westeurope,13,not associated with a nic,2.298239946
turkiz,tst,turkiz-starfish-mcs-tst-003,agamvm-ip,microsoft.network/publicipaddresses,westeurope,13,not associated with a nic,2.298239946
turkiz,tst,turkiz-starfish-mamauthsolutions-tst-001,itay-dev2-ip,microsoft.network/publicipaddresses,eastus,12,not associated with a nic,2.298239946
turkiz,tst,turkiz-starfish-mamauthsolutions-tst-001,vm3-ip,microsoft.network/publicipaddresses,eastus,13,not associated with a nic,2.298239946
turkiz,tst,turkiz-starfish-mamauthsolutions-tst-001,a19mbx1-ip,microsoft.network/publicipaddresses,westeurope,12,not associated with a nic,2.298239946
turkiz,dev,turkiz-starfish-paasmamram-dev-001,opendatahubip742,microsoft.network/publicipaddresses,eastus,13,not associated with a nic,2.298239946
turkiz,dev,turkiz-starfish-semca-dev-001,amit-ip,microsoft.network/publicipaddresses,westeurope,12,not associated with a nic,2.298239946
turkiz,tst,turkiz-starfish-mcs-tst-003,tstvm-ip,microsoft.network/publicipaddresses,westeurope,13,not associated with a nic,2.298239946
turkiz,tst,turkiz-starfish-mamauthsolutions-tst-001,vm1234mid1sql1-ip,microsoft.network/publicipaddresses,westeurope,12,not associated with a nic,2.298239946
turkiz,tst,turkiz-starfish-mamauthsolutions-tst-001,endpoint1-ip,microsoft.network/publicipaddresses,westeurope,12,not associated with a nic,2.298239946
turkiz,tst,turkiz-starfish-mcs-tst-003,agamvmcaip290,microsoft.network/publicipaddresses,westeurope,13,not associated with a nic,2.298239946
turkiz,tst,turkiz-starfish-mamauthsolutions-tst-001,sql2-ip,microsoft.network/publicipaddresses,westeurope,12,not associated with a nic,2.298239946
turkiz,prd,cloudadmin-sharedresources,simon-vm-ip,microsoft.network/publicipaddresses,westeurope,13,not associated with a nic,2.298239946
turkiz,dev,turkiz-starfish-paasmamram-dev-001,maya-ip,microsoft.network/publicipaddresses,westeurope,12,not associated with a nic,2.298239946
turkiz,dev,turkiz-starfish-paasmamram-dev-001,oracle-ip,microsoft.network/publicipaddresses,eastus,12,not associated with a nic,2.298239946
turkiz,dev,turkiz-starfish-paasmamram-dev-001,loteman-test-ip,microsoft.network/publicipaddresses,westeurope,13,not associated with a nic,2.298239946
turkiz,tst,turkiz-starfish-mcs-tst-003,tstvm-ip,microsoft.network/publicipaddresses,westeurope,12,not associated with a nic,2.298239946
turkiz,dev,turkiz-starfish-paasmamram-dev-001,omongo2-ip,microsoft.network/publicipaddresses,eastus,12,not associated with a nic,2.298239946
yellow,prd,yellow-corn-dvr-prd-002,vm-mako12-linux-ip,microsoft.network/publicipaddresses,westeurope,12,not associated with a nic,2.298239946
turkiz,dev,turkiz-starfish-hafala-dev-001,mywinvmpublicip,microsoft.network/publicipaddresses,westeurope,12,not associated with a nic,2.298239946
turkiz,tst,turkiz-starfish-mamauthsolutions-tst-001,dc2ip239,microsoft.network/publicipaddresses,westeurope,12,not associated with a nic,2.298239946
black,prd,black-coal-tam-prd-001,stav-sql-ip,microsoft.network/publicipaddresses,westeurope,13,not associated with a nic,2.298239946
turkiz,tst,turkiz-starfish-mamauthsolutions-tst-001,neverland-ip,microsoft.network/publicipaddresses,westeurope,12,not associated with a nic,2.298239946
turkiz,prd,turkiz-starfish-soc60-prd-001,miluim-fe-prod-vm1-investigation-ip,microsoft.network/publicipaddresses,westeurope,13,not associated with a nic,2.298239946
turkiz,dev,turkiz-starfish-paasmamram-dev-001,kafka-test-ip,microsoft.network/publicipaddresses,eastus,12,not associated with a nic,2.298239946
turkiz,dev,turkiz-starfish-paasmamram-dev-001,itays-bish-ip,microsoft.network/publicipaddresses,eastus,13,not associated with a nic,2.298239946
black,prd,black-coal-tam-prd-001,stav-sql-ip,microsoft.network/publicipaddresses,westeurope,12,not associated with a nic,2.298239946
turkiz,dev,turkiz-starfish-shahar-dev-001,shaisegal-ip,microsoft.network/publicipaddresses,eastus,13,not associated with a nic,2.298239946
turkiz,dev,turkiz-key-bladeforce-dev-001,windows-client-ip,microsoft.network/publicipaddresses,northeurope,12,not associated with a nic,2.298239946
turkiz,prd,turkiz-starfish-soc60-prd-001,miluim-app-prod-vm1-snapshot-disk-ip,microsoft.network/publicipaddresses,westeurope,13,not associated with a nic,2.298239946
turkiz,tst,turkiz-starfish-mamauthsolutions-tst-001,myvm2-ip,microsoft.network/publicipaddresses,westeurope,12,not associated with a nic,2.298239946
turkiz,dev,turkiz-starfish-hafala-dev-001,yt-sql-s1v1-ip,microsoft.network/publicipaddresses,westeurope,12,not associated with a nic,2.298239946
turkiz,dev,turkiz-key-bladeforce-dev-001,satellite-ip,microsoft.network/publicipaddresses,eastus,13,not associated with a nic,2.298239946
turkiz,dev,turkiz-starfish-paasmamram-dev-001,opendatahublast-ip,microsoft.network/publicipaddresses,eastus,13,not associated with a nic,2.298239946
turkiz,dev,turkiz-starfish-semca-dev-001,maya-project-master-ip,microsoft.network/publicipaddresses,westeurope,12,not associated with a nic,2.298239946
turkiz,tst,turkiz-starfish-mamauthsolutions-tst-001,a19mbx1ip173,microsoft.network/publicipaddresses,westeurope,13,not associated with a nic,2.298239946
turkiz,dev,turkiz-starfish-hafala-dev-001,web-iis1-ip,microsoft.network/publicipaddresses,eastus,13,not associated with a nic,2.298239946
black,prd,black-coal-tam-prd-001,stav-sql-mgmt-ip,microsoft.network/publicipaddresses,westeurope,12,not associated with a nic,2.298239946
pink,prd,pink-flamingo-galatzarcive-prd-001,azuregw_public_ip,microsoft.network/publicipaddresses,westeurope,12,not associated with a nic,2.298239946
turkiz,dev,turkiz-starfish-hafala-dev-001,tomero-ip,microsoft.network/publicipaddresses,eastus,12,not associated with a nic,2.298239946
yellow,prd,yellow-corn-dvr-prd-002,idf-transcription-vm-channel-01-ip,microsoft.network/publicipaddresses,westeurope,12,not associated with a nic,2.298239946
yellow,prd,yellow-corn-dvr-prd-002,vm-linux-ch12-ip,microsoft.network/publicipaddresses,westeurope,13,not associated with a nic,2.298239946
turkiz,dev,turkiz-starfish-paasmamram-dev-001,omer2-ip,microsoft.network/publicipaddresses,eastus,12,not associated with a nic,2.298239946
black,prd,black-coal-tam-prd-001,stavsqlmgmtip805,microsoft.network/publicipaddresses,westeurope,12,not associated with a nic,2.298239946
turkiz,tst,turkiz-starfish-mcs-tst-003,agamvmcaip113,microsoft.network/publicipaddresses,westeurope,12,not associated with a nic,2.298239946
turkiz,tst,turkiz-starfish-mamauthsolutions-tst-001,endpoint1-ip,microsoft.network/publicipaddresses,westeurope,13,not associated with a nic,2.298239946
turkiz,dev,turkiz-starfish-metadata-dev-001,vm01-ip,microsoft.network/publicipaddresses,westeurope,12,not associated with a nic,2.298239946
turkiz,dev,turkiz-starfish-paasmamram-dev-001,mongo1ip743,microsoft.network/publicipaddresses,northeurope,12,not associated with a nic,2.298239946
turkiz,tst,turkiz-starfish-mamauthsolutions-tst-001,noam3-client2-ip,microsoft.network/publicipaddresses,westeurope,13,not associated with a nic,2.298239946
turkiz,tst,turkiz-starfish-mashands-tst-001,gpuvirtualmachineip705,microsoft.network/publicipaddresses,westeurope,13,not associated with a nic,2.298239946
turkiz,dev,turkiz-starfish-paasmamram-dev-001,opendatahub-ip,microsoft.network/publicipaddresses,eastus,12,not associated with a nic,2.298239946
turkiz,dev,turkiz-starfish-paasmamram-dev-001,shir-ip,microsoft.network/publicipaddresses,northeurope,12,not associated with a nic,2.298239946
turkiz,tst,turkiz-starfish-mamauthsolutions-tst-001,dc2ip239,microsoft.network/publicipaddresses,westeurope,13,not associated with a nic,2.298239946
turkiz,dev,turkiz-starfish-hafala-dev-001,pelegnakav-ip,microsoft.network/publicipaddresses,westeurope,13,not associated with a nic,2.298239946
turkiz,tst,turkiz-starfish-mamauthsolutions-tst-001,vm3-ip,microsoft.network/publicipaddresses,eastus,12,not associated with a nic,2.298239946
turkiz,prd,turkiz-starfish-soc60-prd-001,eyalvmlutoip446,microsoft.network/publicipaddresses,westeurope,12,not associated with a nic,2.298239946
turkiz,tst,turkiz-starfish-tpaas-tst-001,kube-consul-ip,microsoft.network/publicipaddresses,westeurope,13,not associated with a nic,2.298239946
turkiz,dev,turkiz-starfish-hafala-dev-001,yt-sql-s1v3-ip,microsoft.network/publicipaddresses,westeurope,13,not associated with a nic,2.298239946
turkiz,dev,turkiz-key-bladeforce-dev-001,testing-ip,microsoft.network/publicipaddresses,eastus,12,not associated with a nic,2.298239946
turkiz,dev,turkiz-starfish-shahar-dev-001,elad-stt-denoising-ip,microsoft.network/publicipaddresses,westeurope,12,not associated with a nic,2.298239946
turkiz,dev,turkiz-starfish-hafala-dev-001,tomero-ip,microsoft.network/publicipaddresses,eastus,13,not associated with a nic,2.298239946
black,prd,black-coal-tam-prd-001,tr-troubleshooting-ip,microsoft.network/publicipaddresses,westeurope,13,not associated with a nic,2.298239946
turkiz,tst,turkiz-starfish-mamauthsolutions-tst-001,ex1ip496,microsoft.network/publicipaddresses,westeurope,12,not associated with a nic,2.298239946
turkiz,dev,turkiz-starfish-paasmamram-dev-001,maya-ip,microsoft.network/publicipaddresses,westeurope,13,not associated with a nic,2.298239946
turkiz,dev,turkiz-starfish-paasmamram-dev-001,mongo2-ip,microsoft.network/publicipaddresses,northeurope,12,not associated with a nic,2.298239946
turkiz,dev,turkiz-starfish-semca-dev-001,maya-server2-ip,microsoft.network/publicipaddresses,westeurope,12,not associated with a nic,2.298239946
turkiz,dev,turkiz-starfish-cloudlets-dev-001,michael-vm-2-ip,microsoft.network/publicipaddresses,westeurope,13,not associated with a nic,2.298239946
turkiz,tst,turkiz-starfish-mamauthsolutions-tst-001,dhcp-test-ip,microsoft.network/publicipaddresses,westeurope,13,not associated with a nic,2.298239946
turkiz,dev,turkiz-starfish-mamauthsolutions-tst-001,vm1-ip,microsoft.network/publicipaddresses,eastus,13,not associated with a nic,2.298239946
turkiz,dev,turkiz-starfish-hafala-dev-001,mogno-2-ip,microsoft.network/publicipaddresses,eastus,12,not associated with a nic,2.298239946
turkiz,prd,turkiz-starfish-soc60-prd-001,cloudsocvm-ip,microsoft.network/publicipaddresses,westeurope,12,not associated with a nic,2.298239946
turkiz,prd,turkiz-starfish-soc60-prd-001,cloudsocvm-ip,microsoft.network/publicipaddresses,westeurope,13,not associated with a nic,2.298239946
turkiz,tst,turkiz-starfish-mashands-tst-001,gpu-virtual-machine-instance-ip,microsoft.network/publicipaddresses,westeurope,12,not associated with a nic,2.298239946
turkiz,tst,turkiz-starfish-mamauthsolutions-tst-001,exh1,microsoft.network/publicipaddresses,westeurope,13,not associated with a nic,2.298239946
turkiz,tst,turkiz-starfish-mamauthsolutions-tst-001,a19mbx1-ip,microsoft.network/publicipaddresses,westeurope,13,not associated with a nic,2.298239946
turkiz,dev,turkiz-starfish-paasmamram-dev-001,haproxy-ip,microsoft.network/publicipaddresses,eastus,13,not associated with a nic,2.298239946
turkiz,dev,turkiz-starfish-noctacti-dev-001,splunk-ip,microsoft.network/publicipaddresses,northeurope,12,not associated with a nic,2.298239946
turkiz,tst,turkiz-starfish-mamauthsolutions-tst-001,myvm2-pubip,microsoft.network/publicipaddresses,westeurope,13,not associated with a nic,2.298239946
turkiz,tst,turkiz-starfish-mamauthsolutions-tst-001,azureidmdc-ip,microsoft.network/publicipaddresses,westeurope,12,not associated with a nic,2.298239946
turkiz,tst,turkiz-starfish-mamauthsolutions-tst-001,endpoint2-ip,microsoft.network/publicipaddresses,westeurope,13,not associated with a nic,2.298239946
turkiz,dev,turkiz-starfish-paasmamram-dev-001,kafka-test-ip,microsoft.network/publicipaddresses,eastus,13,not associated with a nic,2.298239946
turkiz,dev,turkiz-starfish-shahar-dev-001,pip-rg-informatica-vnet-westeurope-default,microsoft.network/publicipaddresses,westeurope,13,not associated with a nic,2.298239946
turkiz,tst,turkiz-starfish-mamauthsolutions-tst-001,sql1-ip,microsoft.network/publicipaddresses,westeurope,13,not associated with a nic,2.298239946
turkiz,tst,turkiz-starfish-mcs-tst-003,agam-vm-ca-ip,microsoft.network/publicipaddresses,westeurope,12,not associated with a nic,2.298239946
turkiz,tst,turkiz-starfish-mcs-tst-003,test-vm-ip,microsoft.network/publicipaddresses,westeurope,13,not associated with a nic,2.298239946
turkiz,dev,turkiz-starfish-hafala-dev-001,yt-sql-s2v1-ip,microsoft.network/publicipaddresses,westeurope,12,not associated with a nic,2.298239946
turkiz,dev,turkiz-key-bladeforce-dev-001,windows-client-ip,microsoft.network/publicipaddresses,northeurope,13,not associated with a nic,2.298239946
black,prd,black-coal-tam-prd-001,stavsqlmgmtip805,microsoft.network/publicipaddresses,westeurope,13,not associated with a nic,2.298239946
turkiz,prd,turkiz-starfish-soc60-prd-001,llamaweights-ip,microsoft.network/publicipaddresses,westeurope,12,not associated with a nic,2.298239946
turkiz,dev,turkiz-starfish-paasmamram-dev-001,opendatahub-3,microsoft.network/publicipaddresses,eastus,13,not associated with a nic,2.298239946
turkiz,dev,turkiz-starfish-paasmamram-dev-001,lotem-client-ip,microsoft.network/publicipaddresses,westeurope,13,not associated with a nic,2.298239946
turkiz,dev,turkiz-starfish-semca-dev-001,fluentd-server1-ip,microsoft.network/publicipaddresses,eastus,12,not associated with a nic,2.298239946
turkiz,dev,turkiz-starfish-paasmamram-dev-001,omongo3-ip,microsoft.network/publicipaddresses,eastus,13,not associated with a nic,2.298239946
turkiz,tst,turkiz-starfish-mamauthsolutions-tst-001,vm2-ip,microsoft.network/publicipaddresses,eastus,13,not associated with a nic,2.298239946
black,prd,black-coal-tam-prd-001,stavepoip203,microsoft.network/publicipaddresses,westeurope,12,not associated with a nic,2.298239946
turkiz,dev,turkiz-starfish-paasmam-dev-001,shir-ip,microsoft.network/publicipaddresses,northeurope,12,not associated with a nic,2.298239946
turkiz,tst,turkiz-starfish-mamauthsolutions-tst-001,noam3-client2-ip,microsoft.network/publicipaddresses,westeurope,12,not associated with a nic,2.298239946
turkiz,tst,turkiz-starfish-mamauthsolutions-tst-001,dc1noam2ip914,microsoft.network/publicipaddresses,westeurope,13,not associated with a nic,2.298239946
turkiz,dev,turkiz-starfish-hafala-dev-001,ytsqls1v1ip666,microsoft.network/publicipaddresses,westeurope,12,not associated with a nic,2.298239946
turkiz,tst,turkiz-starfish-mcs-tst-003,agam-vm-ca-read-ip,microsoft.network/publicipaddresses,westeurope,12,not associated with a nic,2.298239946
turkiz,dev,turkiz-key-bladeforce-dev-001,satellite-ip,microsoft.network/publicipaddresses,eastus,12,not associated with a nic,2.298239946
turkiz,dev,turkiz-starfish-hafala-dev-001,mogno-2-ip,microsoft.network/publicipaddresses,eastus,13,not associated with a nic,2.298239946
turkiz,tst,turkiz-starfish-tpaas-tst-001,k3sip249,microsoft.network/publicipaddresses,westeurope,12,not associated with a nic,2.298239946
turkiz,tst,turkiz-starfish-mamauthsolutions-tst-001,dc1ip310,microsoft.network/publicipaddresses,westeurope,13,not associated with a nic,2.298239946
turkiz,dev,turkiz-starfish-cloudlets-dev-001,michael-vm-2-ip,microsoft.network/publicipaddresses,westeurope,12,not associated with a nic,2.298239946
yellow,prd,yellow-corn-dvr-prd-002,vm-mako12-linux-ip,microsoft.network/publicipaddresses,westeurope,13,not associated with a nic,2.298239946
black,prd,black-coal-tam-prd-001,tr-troubleshooting-ip,microsoft.network/publicipaddresses,westeurope,12,not associated with a nic,2.298239946
turkiz,tst,turkiz-starfish-mamauthsolutions-tst-001,dc1-noam,microsoft.network/publicipaddresses,westeurope,12,not associated with a nic,2.298239946
turkiz,prd,turkiz-starfish-soc60-prd-001,eyalvmlutoip446,microsoft.network/publicipaddresses,westeurope,13,not associated with a nic,2.298239946
turkiz,prd,turkiz-starfish-soc60-prd-001,miluim-fe-prod-vm2-investigation-ip,microsoft.network/publicipaddresses,westeurope,13,not associated with a nic,2.298239946
turkiz,tst,turkiz-starfish-mamauthsolutions-tst-001,myvm2-ip,microsoft.network/publicipaddresses,westeurope,13,not associated with a nic,2.298239946
turkiz,tst,turkiz-starfish-mamauthsolutions-tst-001,ex3ip979,microsoft.network/publicipaddresses,westeurope,12,not associated with a nic,2.298239946
turkiz,dev,turkiz-starfish-paasmamram-dev-001,oren-ip,microsoft.network/publicipaddresses,eastus,13,not associated with a nic,2.298239946
turkiz,dev,turkiz-starfish-paasmamram-dev-001,shir-ip,microsoft.network/publicipaddresses,northeurope,13,not associated with a nic,2.298239946
turkiz,dev,turkiz-starfish-hafala-dev-001,ytsqls1v1ip666,microsoft.network/publicipaddresses,westeurope,13,not associated with a nic,2.298239946
turkiz,tst,turkiz-starfish-mamauthsolutions-tst-001,myvm2-pubip,microsoft.network/publicipaddresses,westeurope,12,not associated with a nic,2.298239946
black,prd,black-coal-tam-prd-001,stav-epo-ip,microsoft.network/publicipaddresses,westeurope,12,not associated with a nic,2.298239946
turkiz,dev,turkiz-starfish-paasmamram-dev-001,opendatahubip742,microsoft.network/publicipaddresses,eastus,12,not associated with a nic,2.298239946
turkiz,tst,turkiz-starfish-mamauthsolutions-tst-001,idmtestsdc-ip,microsoft.network/publicipaddresses,westeurope,12,not associated with a nic,2.298239946
turkiz,tst,turkiz-starfish-mamauthsolutions-tst-001,neverland-ip,microsoft.network/publicipaddresses,westeurope,13,not associated with a nic,2.298239946
turkiz,dev,turkiz-starfish-paasmamram-dev-001,omer2-ip,microsoft.network/publicipaddresses,eastus,13,not associated with a nic,2.298239946
turkiz,tst,turkiz-starfish-tpaas-tst-001,k3sip249,microsoft.network/publicipaddresses,westeurope,13,not associated with a nic,2.298239946
turkiz,dev,turkiz-key-bladeforce-dev-001,testing-ip,microsoft.network/publicipaddresses,eastus,13,not associated with a nic,2.298239946
turkiz,dev,turkiz-starfish-semca-dev-001,mayaprojectmasterip914,microsoft.network/publicipaddresses,westeurope,13,not associated with a nic,2.298239946
black,prd,black-coal-tam-prd-001,stav-epo-ip,microsoft.network/publicipaddresses,westeurope,13,not associated with a nic,2.298239946
turkiz,tst,turkiz-starfish-mamauthsolutions-tst-001,noam1-dc2,microsoft.network/publicipaddresses,westeurope,13,not associated with a nic,2.298239946
turkiz,tst,turkiz-starfish-mamauthsolutions-tst-001,dhcp-test-ip,microsoft.network/publicipaddresses,westeurope,12,not associated with a nic,2.298239946
turkiz,tst,turkiz-starfish-mamauthsolutions-tst-001,scm-client2-ip,microsoft.network/publicipaddresses,westeurope,13,not associated with a nic,2.298239946
turkiz,dev,turkiz-starfish-shahar-dev-001,shai-ip,microsoft.network/publicipaddresses,eastus,12,not associated with a nic,2.298239946
turkiz,tst,turkiz-starfish-mamauthsolutions-tst-001,dc1-noam,microsoft.network/publicipaddresses,westeurope,13,not associated with a nic,2.298239946
turkiz,dev,turkiz-starfish-paasmamram-dev-001,loteman-test-ip,microsoft.network/publicipaddresses,westeurope,12,not associated with a nic,2.298239946
turkiz,tst,turkiz-starfish-mamauthsolutions-tst-001,itay-dev-ip,microsoft.network/publicipaddresses,eastus,12,not associated with a nic,2.298239946
turkiz,dev,turkiz-starfish-paasmamram-dev-001,omongo1-ip,microsoft.network/publicipaddresses,eastus,12,not associated with a nic,2.298239946
turkiz,tst,turkiz-starfish-mcs-tst-003,agamvmcaip290,microsoft.network/publicipaddresses,westeurope,12,not associated with a nic,2.298239946
turkiz,dev,turkiz-starfish-mamauthsolutions-tst-001,vm1-ip,microsoft.network/publicipaddresses,eastus,12,not associated with a nic,2.298239946
turkiz,tst,turkiz-starfish-mamauthsolutions-tst-001,ex3ip979,microsoft.network/publicipaddresses,westeurope,13,not associated with a nic,2.298239946
olive,dev,olive-olivine-sst-cor-dev-001,win11-001-ip,microsoft.network/publicipaddresses,israelcentral,13,not associated with a nic,2.298239946
turkiz,dev,turkiz-starfish-paasmamram-dev-001,lotem-client-ip,microsoft.network/publicipaddresses,westeurope,12,not associated with a nic,2.298239946
turkiz,dev,turkiz-key-bladeforce-dev-001,matasadip854,microsoft.network/publicipaddresses,eastus,13,not associated with a nic,2.298239946
turkiz,dev,turkiz-starfish-paasmamram-dev-001,oren-ip,microsoft.network/publicipaddresses,eastus,12,not associated with a nic,2.298239946
turkiz,tst,turkiz-starfish-mamauthsolutions-tst-001,grabskytestform-ip,microsoft.network/publicipaddresses,eastus,12,not associated with a nic,2.298239946
turkiz,tst,turkiz-starfish-mcs-tst-003,agam-vm-ca-read-ip,microsoft.network/publicipaddresses,westeurope,13,not associated with a nic,2.298239946
turkiz,tst,turkiz-starfish-mamauthsolutions-tst-001,dc-2-ip,microsoft.network/publicipaddresses,westeurope,13,not associated with a nic,2.298239946
turkiz,tst,turkiz-starfish-mamauthsolutions-tst-001,azureidmdcip436,microsoft.network/publicipaddresses,westeurope,13,not associated with a nic,2.298239946
turkiz,dev,turkiz-starfish-cloudlets-dev-001,danko-devel-ip,microsoft.network/publicipaddresses,westeurope,13,not associated with a nic,2.298239946
turkiz,tst,turkiz-starfish-mcs-tst-003,agam-vm-ca-ip,microsoft.network/publicipaddresses,westeurope,13,not associated with a nic,2.298239946
turkiz,tst,turkiz-starfish-mamauthsolutions-tst-001,itay-dev2-ip,microsoft.network/publicipaddresses,eastus,13,not associated with a nic,2.298239946
turkiz,tst,turkiz-starfish-mamauthsolutions-tst-001,ex2ip231,microsoft.network/publicipaddresses,westeurope,12,not associated with a nic,2.298239946
turkiz,dev,turkiz-starfish-metadata-dev-001,vm01-ip,microsoft.network/publicipaddresses,westeurope,13,not associated with a nic,2.298239946
turkiz,tst,turkiz-starfish-mamauthsolutions-tst-001,scm-client2-ip,microsoft.network/publicipaddresses,westeurope,12,not associated with a nic,2.298239946
turkiz,tst,turkiz-starfish-mamauthsolutions-tst-001,itay-dev-ip,microsoft.network/publicipaddresses,eastus,13,not associated with a nic,2.298239946
turkiz,dev,turkiz-starfish-hafala-dev-001,yuvalvm-ip,microsoft.network/publicipaddresses,eastus,12,not associated with a nic,2.298239946
turkiz,tst,turkiz-starfish-mamauthsolutions-tst-001,exch2,microsoft.network/publicipaddresses,westeurope,13,not associated with a nic,2.298239946
turkiz,tst,turkiz-starfish-mcs-tst-003,revokesession2-ip,microsoft.network/publicipaddresses,westeurope,13,not associated with a nic,2.298239946
turkiz,tst,turkiz-starfish-mamauthsolutions-tst-001,noam1-dc2,microsoft.network/publicipaddresses,westeurope,12,not associated with a nic,2.298239946
turkiz,dev,turkiz-starfish-metadata-dev-001,ofek-fun-ip,microsoft.network/publicipaddresses,westeurope,13,not associated with a nic,2.298239946
turkiz,prd,turkiz-starfish-soc60-prd-001,llamaweights-ip,microsoft.network/publicipaddresses,westeurope,13,not associated with a nic,2.298239946
turkiz,dev,turkiz-starfish-paasmamram-dev-001,omer1-ip,microsoft.network/publicipaddresses,eastus,12,not associated with a nic,2.298239946
turkiz,tst,turkiz-starfish-mamauthsolutions-tst-001,dc-2-ip,microsoft.network/publicipaddresses,westeurope,12,not associated with a nic,2.298239946
turkiz,dev,turkiz-starfish-semca-dev-001,fluentd-server1-ip,microsoft.network/publicipaddresses,eastus,13,not associated with a nic,2.298239946
turkiz,dev,turkiz-starfish-hafala-dev-001,web-iis1-ip,microsoft.network/publicipaddresses,eastus,12,not associated with a nic,2.298239946
turkiz,dev,turkiz-starfish-paasmamram-dev-001,itays-ubuntu-bish-ip,microsoft.network/publicipaddresses,eastus,12,not associated with a nic,2.298239946
turkiz,dev,turkiz-starfish-paasmamram-dev-001,itays-ubuntu-bish-ip,microsoft.network/publicipaddresses,eastus,13,not associated with a nic,2.298239946
black,prd,black-coal-tam-prd-001,stavepoip203,microsoft.network/publicipaddresses,westeurope,13,not associated with a nic,2.298239946
turkiz,prd,turkiz-starfish-soc60-prd-001,eyalvmluto-ip,microsoft.network/publicipaddresses,westeurope,12,not associated with a nic,2.298239946
turkiz,tst,turkiz-starfish-mcs-tst-003,elay-k8s-ip,microsoft.network/publicipaddresses,westeurope,12,not associated with a nic,2.298239946
turkiz,tst,turkiz-starfish-mcs-tst-003,yarden-ip,microsoft.network/publicipaddresses,westeurope,12,not associated with a nic,2.298239946
turkiz,dev,turkiz-starfish-metadata-dev-001,ofek-fun-ip,microsoft.network/publicipaddresses,westeurope,12,not associated with a nic,2.298239946
yellow,prd,yellow-corn-dvr-prd-002,vm-linux-ch12-ip,microsoft.network/publicipaddresses,westeurope,12,not associated with a nic,2.298239946
turkiz,dev,turkiz-starfish-shahar-dev-001,shaisegal-ip,microsoft.network/publicipaddresses,eastus,12,not associated with a nic,2.298239946
gray,prd,gray-hippo-talpi-prd-001,soccerfield-ip,microsoft.network/publicipaddresses,westeurope,13,not associated with a nic,2.298239946
turkiz,tst,turkiz-starfish-mcs-tst-003,agamvmcaip104,microsoft.network/publicipaddresses,westeurope,13,not associated with a nic,2.298239946
black,prd,black-coal-tam-prd-001,epo-2019-ip,microsoft.network/publicipaddresses,westeurope,12,not associated with a nic,2.298239946
turkiz,dev,turkiz-starfish-cloudlets-dev-001,rhel-92-x86-ip,microsoft.network/publicipaddresses,westeurope,12,not associated with a nic,2.298239946
turkiz,prd,turkiz-starfish-soc60-prd-001,miluim-app-prod-vm1-snapshot-disk-ip,microsoft.network/publicipaddresses,westeurope,12,not associated with a nic,2.298239946
turkiz,dev,turkiz-starfish-paasmamram-dev-001,opendatahub-3,microsoft.network/publicipaddresses,eastus,12,not associated with a nic,2.298239946
turkiz,dev,turkiz-starfish-hafala-dev-001,pelegnakav-ip,microsoft.network/publicipaddresses,westeurope,12,not associated with a nic,2.298239946
turkiz,prd,cloudadmin-sharedresources,simon-vm-ip,microsoft.network/publicipaddresses,westeurope,12,not associated with a nic,2.298239946
turkiz,dev,turkiz-starfish-paasmamram-dev-001,mongo3-ip,microsoft.network/publicipaddresses,northeurope,12,not associated with a nic,2.298239946
turkiz,tst,turkiz-starfish-mamauthsolutions-tst-001,azureidmdcip436,microsoft.network/publicipaddresses,westeurope,12,not associated with a nic,2.298239946
black,prd,black-coal-tam-prd-001,stav-sql-mgmt-ip,microsoft.network/publicipaddresses,westeurope,13,not associated with a nic,2.298239946
turkiz,dev,turkiz-starfish-paasmamram-dev-001,omongo2-ip,microsoft.network/publicipaddresses,eastus,13,not associated with a nic,2.298239946
turkiz,tst,turkiz-starfish-mcs-tst-003,agamvm-ip,microsoft.network/publicipaddresses,westeurope,12,not associated with a nic,2.298239946
turkiz,tst,turkiz-starfish-mamauthsolutions-tst-001,vm1234mid1sql1-ip,microsoft.network/publicipaddresses,westeurope,13,not associated with a nic,2.298239946
turkiz,tst,turkiz-starfish-mashands-tst-001,gpuvirtualmachineip705,microsoft.network/publicipaddresses,westeurope,12,not associated with a nic,2.298239946
turkiz,tst,turkiz-starfish-mamauthsolutions-tst-001,idmtestsdc-ip,microsoft.network/publicipaddresses,westeurope,13,not associated with a nic,2.298239946
turkiz,tst,turkiz-starfish-mamauthsolutions-tst-001,exch2,microsoft.network/publicipaddresses,westeurope,12,not associated with a nic,2.298239946
olive,dev,olive-olivine-sst-cor-dev-001,win11-001-ip,microsoft.network/publicipaddresses,israelcentral,12,not associated with a nic,2.298239946
turkiz,tst,turkiz-starfish-mamauthsolutions-tst-001,myvm1-pubip,microsoft.network/publicipaddresses,westeurope,13,not associated with a nic,2.298239946
turkiz,dev,turkiz-starfish-paasmamram-dev-001,itays-bish-ip,microsoft.network/publicipaddresses,eastus,12,not associated with a nic,2.298239946
turkiz,dev,turkiz-key-bladeforce-dev-001,matasadip854,microsoft.network/publicipaddresses,eastus,12,not associated with a nic,2.298239946
turkiz,dev,turkiz-starfish-paasmamram-dev-001,opendatahublast-ip,microsoft.network/publicipaddresses,eastus,12,not associated with a nic,2.298239946
turkiz,dev,turkiz-starfish-semca-dev-001,mayaprojectmasterip914,microsoft.network/publicipaddresses,westeurope,12,not associated with a nic,2.298239946
turkiz,dev,turkiz-starfish-hafala-dev-001,tomerws-ip,microsoft.network/publicipaddresses,eastus,13,not associated with a nic,2.298239946
turkiz,tst,turkiz-starfish-mcs-tst-003,revokesession2-ip,microsoft.network/publicipaddresses,westeurope,12,not associated with a nic,2.298239946
turkiz,dev,turkiz-starfish-hafala-dev-001,yuvalvm-ip,microsoft.network/publicipaddresses,eastus,13,not associated with a nic,2.298239946
turkiz,dev,turkiz-starfish-hafala-dev-001,yt-sql-s1v1-ip,microsoft.network/publicipaddresses,westeurope,13,not associated with a nic,2.298239946
turkiz,dev,turkiz-starfish-paasmamram-dev-001,mongo3-ip,microsoft.network/publicipaddresses,northeurope,13,not associated with a nic,2.298239946
turkiz,dev,turkiz-starfish-hafala-dev-001,yt-sql-s2v1-ip,microsoft.network/publicipaddresses,westeurope,13,not associated with a nic,2.298239946
turkiz,dev,turkiz-starfish-paasmamram-dev-001,loteman-ip,microsoft.network/publicipaddresses,eastus,12,not associated with a nic,2.298239946
turkiz,dev,turkiz-starfish-cloudlets-dev-001,pirate-test-ip,microsoft.network/publicipaddresses,westeurope,13,not associated with a nic,2.298239946
turkiz,dev,turkiz-starfish-shahar-dev-001,elad-stt-denoising-ip,microsoft.network/publicipaddresses,westeurope,13,not associated with a nic,2.298239946
turkiz,dev,turkiz-starfish-paasmamram-dev-001,yuval-ip,microsoft.network/publicipaddresses,westeurope,13,not associated with a nic,2.298239946
turkiz,tst,turkiz-starfish-mamauthsolutions-tst-001,grabskytestform-ip,microsoft.network/publicipaddresses,eastus,13,not associated with a nic,2.298239946
turkiz,dev,turkiz-starfish-semca-dev-001,amit-ip,microsoft.network/publicipaddresses,westeurope,13,not associated with a nic,2.298239946
turkiz,dev,turkiz-starfish-semca-dev-001,lin-acme-yum-ip,microsoft.network/publicipaddresses,eastus,12,not associated with a nic,2.298239946
turkiz,dev,turkiz-starfish-paasmam-dev-001,shir-ip,microsoft.network/publicipaddresses,northeurope,13,not associated with a nic,2.298239946
turkiz,tst,turkiz-starfish-mcs-tst-003,test-vm-ip,microsoft.network/publicipaddresses,westeurope,12,not associated with a nic,2.298239946
turkiz,tst,turkiz-starfish-mamauthsolutions-tst-001,myvm1-pubip,microsoft.network/publicipaddresses,westeurope,12,not associated with a nic,2.298239946
turkiz,prd,turkiz-starfish-soc60-prd-001,miluim-fe-prod-vm2-investigation-ip,microsoft.network/publicipaddresses,westeurope,12,not associated with a nic,2.298239946
turkiz,tst,turkiz-starfish-mcs-tst-003,agamvmcaip104,microsoft.network/publicipaddresses,westeurope,12,not associated with a nic,2.298239946
turkiz,dev,turkiz-starfish-paasmamram-dev-001,opendatahub-ip,microsoft.network/publicipaddresses,eastus,13,not associated with a nic,2.298239946
turkiz,tst,turkiz-starfish-mcs-tst-003,agamvmcaip113,microsoft.network/publicipaddresses,westeurope,13,not associated with a nic,2.298239946
turkiz,dev,turkiz-starfish-semca-dev-001,lin-acme-yum-ip,microsoft.network/publicipaddresses,eastus,13,not associated with a nic,2.298239946
turkiz,dev,turkiz-starfish-paasmamram-dev-001,omongo3-ip,microsoft.network/publicipaddresses,eastus,12,not associated with a nic,2.298239946
turkiz,dev,turkiz-starfish-hafala-dev-001,mywinvmpublicip,microsoft.network/publicipaddresses,westeurope,13,not associated with a nic,2.298239946
turkiz,tst,turkiz-starfish-mamauthsolutions-tst-001,idmtestsdb-ip,microsoft.network/publicipaddresses,westeurope,12,not associated with a nic,2.298239946
turkiz,prd,turkiz-starfish-soc60-prd-001,eyalvmluto-ip,microsoft.network/publicipaddresses,westeurope,13,not associated with a nic,2.298239946
turkiz,dev,turkiz-starfish-hafala-dev-001,yt-sql-s1v3-ip,microsoft.network/publicipaddresses,westeurope,12,not associated with a nic,2.298239946
turkiz,dev,turkiz-starfish-paasmamram-dev-001,omongo1-ip,microsoft.network/publicipaddresses,eastus,13,not associated with a nic,2.298239946
turkiz,dev,turkiz-starfish-semca-dev-001,windows-standalone-ip,microsoft.network/publicipaddresses,westeurope,12,not associated with a nic,2.298239946
turkiz,dev,turkiz-starfish-hafala-dev-001,tomerws-ip,microsoft.network/publicipaddresses,eastus,12,not associated with a nic,2.298239946
turkiz,dev,turkiz-starfish-semca-dev-001,windows-standalone-ip,microsoft.network/publicipaddresses,westeurope,13,not associated with a nic,2.298239946
turkiz,dev,turkiz-starfish-paasmamram-dev-001,loteman-ip,microsoft.network/publicipaddresses,eastus,13,not associated with a nic,2.298239946
turkiz,dev,turkiz-starfish-noctacti-dev-001,splunk-ip,microsoft.network/publicipaddresses,northeurope,13,not associated with a nic,2.298239946
turkiz,tst,turkiz-starfish-mamauthsolutions-tst-001,endpoint2-ip,microsoft.network/publicipaddresses,westeurope,12,not associated with a nic,2.298239946
turkiz,dev,turkiz-starfish-paasmamram-dev-001,yuval-ip,microsoft.network/publicipaddresses,westeurope,12,not associated with a nic,2.298239946
yellow,prd,yellow-corn-dvr-prd-002,idf-transcription-vm-channel-01-ip,microsoft.network/publicipaddresses,westeurope,13,not associated with a nic,2.298239946
turkiz,tst,turkiz-starfish-mamauthsolutions-tst-001,dhcptest-ip,microsoft.network/publicipaddresses,westeurope,13,not associated with a nic,2.298239946
turkiz,tst,turkiz-starfish-mamauthsolutions-tst-001,vm2-ip,microsoft.network/publicipaddresses,eastus,12,not associated with a nic,2.298239946
turkiz,tst,turkiz-starfish-mamauthsolutions-tst-001,exh1,microsoft.network/publicipaddresses,westeurope,12,not associated with a nic,2.298239946
turkiz,tst,turkiz-starfish-mamauthsolutions-tst-001,idmtestsdb-ip,microsoft.network/publicipaddresses,westeurope,13,not associated with a nic,2.298239946
turkiz,dev,turkiz-starfish-paasmamram-dev-001,mongo1ip743,microsoft.network/publicipaddresses,northeurope,13,not associated with a nic,2.298239946
turkiz,dev,turkiz-starfish-paasmamram-dev-001,mongo2-ip,microsoft.network/publicipaddresses,northeurope,13,not associated with a nic,2.298239946
turkiz,tst,turkiz-starfish-tpaas-tst-001,kube-consul-ip,microsoft.network/publicipaddresses,westeurope,12,not associated with a nic,2.298239946
turkiz,tst,turkiz-starfish-mamauthsolutions-tst-001,azureidmdc-ip,microsoft.network/publicipaddresses,westeurope,13,not associated with a nic,2.298239946
turkiz,tst,turkiz-starfish-mcs-tst-003,elay-k8s-ip,microsoft.network/publicipaddresses,westeurope,13,not associated with a nic,2.298239946
turkiz,tst,turkiz-starfish-mashands-tst-001,gpu-virtual-machine-instance-ip,microsoft.network/publicipaddresses,westeurope,13,not associated with a nic,2.298239946
turkiz,dev,turkiz-starfish-hafala-dev-001,testvm-ip,microsoft.network/publicipaddresses,westeurope,13,not associated with a nic,2.298239946
turkiz,tst,turkiz-starfish-mamauthsolutions-tst-001,a19mbx1ip173,microsoft.network/publicipaddresses,westeurope,12,not associated with a nic,2.298239946
black,prd,black-coal-tam-prd-001,epo-2019-ip,microsoft.network/publicipaddresses,westeurope,13,not associated with a nic,2.298239946
turkiz,tst,turkiz-starfish-mamauthsolutions-tst-001,dc1noam2ip914,microsoft.network/publicipaddresses,westeurope,12,not associated with a nic,2.298239946
turkiz,prd,turkiz-starfish-soc60-prd-001,miluim-fe-prod-vm1-investigation-ip,microsoft.network/publicipaddresses,westeurope,12,not associated with a nic,2.298239946
turkiz,dev,turkiz-starfish-shahar-dev-001,pip-rg-informatica-vnet-westeurope-default,microsoft.network/publicipaddresses,westeurope,12,not associated with a nic,2.298239946
turkiz,dev,turkiz-starfish-hafala-dev-001,testvm-ip,microsoft.network/publicipaddresses,westeurope,12,not associated with a nic,2.298239946
turkiz,dev,turkiz-starfish-semca-dev-001,maya-project-master-ip,microsoft.network/publicipaddresses,westeurope,13,not associated with a nic,2.298239946
turkiz,prd,turkiz-starfish-hak-prd-001,openshiftdemo-ip,microsoft.network/publicipaddresses,eastus,13,not associated with a nic,2.294409645
turkiz,prd,turkiz-starfish-hak-prd-001,openshift-ip,microsoft.network/publicipaddresses,eastus,13,not associated with a nic,2.294409645
turkiz,dev,turkiz-starfish-cloudlets-dev-001,bigip01-ext-pip0,microsoft.network/publicipaddresses,eastus,12,not associated with a nic,2.294409645
turkiz,dev,turkiz-starfish-cloudlets-dev-001,tal-ip,microsoft.network/publicipaddresses,eastus,13,not associated with a nic,2.294409645
turkiz,dev,turkiz-starfish-cloudlets-dev-001,noa-host1-ip,microsoft.network/publicipaddresses,eastus,13,not associated with a nic,2.294409645
turkiz,dev,turkiz-starfish-cloudlets-dev-001,noa-host1-ip,microsoft.network/publicipaddresses,eastus,12,not associated with a nic,2.294409645
turkiz,dev,turkiz-starfish-cloudlets-dev-001,bigip01-mgmt-pip,microsoft.network/publicipaddresses,eastus,13,not associated with a nic,2.294409645
turkiz,prd,turkiz-starfish-hak-prd-001,openshfit2-ip,microsoft.network/publicipaddresses,eastus,12,not associated with a nic,2.294409645
turkiz,prd,turkiz-starfish-hak-prd-001,openshiftip431,microsoft.network/publicipaddresses,eastus,13,not associated with a nic,2.294409645
turkiz,prd,turkiz-starfish-hak-prd-001,openshiftip431,microsoft.network/publicipaddresses,eastus,12,not associated with a nic,2.294409645
turkiz,prd,turkiz-starfish-hak-prd-001,openshfit2-ip,microsoft.network/publicipaddresses,eastus,13,not associated with a nic,2.294409645
turkiz,dev,turkiz-starfish-cloudlets-dev-001,tal-ip,microsoft.network/publicipaddresses,eastus,12,not associated with a nic,2.294409645
turkiz,dev,turkiz-starfish-cloudlets-dev-001,nvidia-test-ip,microsoft.network/publicipaddresses,eastus,13,not associated with a nic,2.294409645
turkiz,dev,turkiz-starfish-cloudlets-dev-001,bigip01-mgmt-pip,microsoft.network/publicipaddresses,eastus,12,not associated with a nic,2.294409645
turkiz,dev,turkiz-starfish-cloudlets-dev-001,bigip01-self-pip0,microsoft.network/publicipaddresses,eastus,13,not associated with a nic,2.294409645
turkiz,dev,turkiz-starfish-cloudlets-dev-001,grc-hub-w8r9g-bootstrap-pip-v4,microsoft.network/publicipaddresses,eastus,12,not associated with a nic,2.294409645
turkiz,prd,turkiz-starfish-hak-prd-001,openshiftdemo-ip,microsoft.network/publicipaddresses,eastus,12,not associated with a nic,2.294409645
turkiz,dev,turkiz-starfish-cloudlets-dev-001,grc-hub-w8r9g-bootstrap-pip-v4,microsoft.network/publicipaddresses,eastus,13,not associated with a nic,2.294409645
turkiz,dev,turkiz-starfish-cloudlets-dev-001,nvidia-test-ip,microsoft.network/publicipaddresses,eastus,12,not associated with a nic,2.294409645
turkiz,dev,turkiz-starfish-cloudlets-dev-001,managed-wpjzk-bootstrap-pip-v4,microsoft.network/publicipaddresses,eastus,13,not associated with a nic,2.294409645
turkiz,dev,turkiz-starfish-cloudlets-dev-001,managed-wpjzk-bootstrap-pip-v4,microsoft.network/publicipaddresses,eastus,12,not associated with a nic,2.294409645
turkiz,dev,turkiz-starfish-cloudlets-dev-001,bigip01-self-pip0,microsoft.network/publicipaddresses,eastus,12,not associated with a nic,2.294409645
turkiz,prd,turkiz-starfish-hak-prd-001,openshift-ip,microsoft.network/publicipaddresses,eastus,12,not associated with a nic,2.294409645
turkiz,dev,turkiz-starfish-cloudlets-dev-001,bigip01-ext-pip0,microsoft.network/publicipaddresses,eastus,13,not associated with a nic,2.294409645
turkiz,dev,turkiz-starfish-semca-dev-001,sdb-dc2-ip,microsoft.network/publicipaddresses,westeurope,13,not associated with a nic,2.281824076
turkiz,tst,turkiz-starfish-mamauthsolutions-tst-001,sccmmp2-ip,microsoft.network/publicipaddresses,westeurope,12,not associated with a nic,1.884556711
turkiz,tst,turkiz-starfish-mamauthsolutions-tst-001,sccmmp2-ip,microsoft.network/publicipaddresses,westeurope,13,not associated with a nic,1.884556711
turkiz,prd,turkiz-starfish-soc60-prd-001,lr-vnet-ip,microsoft.network/publicipaddresses,israelcentral,13,not associated with a nic,1.761983997
turkiz,dev,turkiz-key-bladeforce-dev-001,exchange-ip,microsoft.network/publicipaddresses,northeurope,12,not associated with a nic,1.641600043
pink,prd,pink-cyclamen-crm-prd-001,aka01devad,microsoft.network/publicipaddresses,westeurope,12,not associated with a nic,1.641600043
turkiz,dev,turkiz-starfish-hafala-dev-001,maorsslave-ip,microsoft.network/publicipaddresses,westeurope,12,not associated with a nic,1.641600043
turkiz,dev,turkiz-starfish-hafala-dev-001,jenkinsvm-ip,microsoft.network/publicipaddresses,eastus,12,not associated with a nic,1.641600043
turkiz,dev,turkiz-starfish-metadata-dev-001,apim-yahel-apicast-ip,microsoft.network/publicipaddresses,westeurope,12,not associated with a nic,1.641600043
turkiz,prd,turkiz-starfish-soc60-prd-001,clonepublicip1527752354,microsoft.network/publicipaddresses,westeurope,13,not associated with a nic,1.641600043
turkiz,dev,turkiz-starfish-hafala-dev-001,maorwin-ip,microsoft.network/publicipaddresses,westeurope,13,not associated with a nic,1.641600043
turkiz,dev,turkiz-starfish-hafala-dev-001,maorprocess-ip,microsoft.network/publicipaddresses,westeurope,13,not associated with a nic,1.641600043
turkiz,dev,turkiz-key-bladeforce-dev-001,sadab2-ip,microsoft.network/publicipaddresses,uksouth,13,not associated with a nic,1.641600043
turkiz,dev,turkiz-starfish-hafala-dev-001,navesip491,microsoft.network/publicipaddresses,westeurope,13,not associated with a nic,1.641600043
turkiz,dev,turkiz-starfish-cloudlets-dev-001,sso-ip,microsoft.network/publicipaddresses,westeurope,12,not associated with a nic,1.641600043
olive,dev,olive-oil-amitpatzan-dev-001,smartbasefrontendtest-ip,microsoft.network/publicipaddresses,westeurope,13,not associated with a nic,1.641600043
turkiz,dev,turkiz-starfish-noctacti-dev-001,snow-db-ip,microsoft.network/publicipaddresses,eastus,13,not associated with a nic,1.641600043
turkiz,prd,turkiz-starfish-soc60-prd-001,nifi03-ip,microsoft.network/publicipaddresses,westeurope,12,not associated with a nic,1.641600043
turkiz,dev,turkiz-key-bladeforce-dev-001,asgardrealm-ip,microsoft.network/publicipaddresses,eastus,12,not associated with a nic,1.641600043
turkiz,dev,turkiz-jeans-lomarandcyber-dev-001,dc02publicip,microsoft.network/publicipaddresses,westeurope,13,not associated with a nic,1.641600043
turkiz,dev,turkiz-key-bladeforce-dev-001,cdp-base-ip,microsoft.network/publicipaddresses,eastus,13,not associated with a nic,1.641600043
turkiz,tst,turkiz-starfish-tpaas-tst-001,yum-rhel7-ip,microsoft.network/publicipaddresses,westeurope,13,not associated with a nic,1.641600043
turkiz,dev,turkiz-starfish-metadata-dev-001,aapim-client-ip,microsoft.network/publicipaddresses,northeurope,12,not associated with a nic,1.641600043
turkiz,dev,turkiz-starfish-metadata-dev-001,aaaaapim-ip,microsoft.network/publicipaddresses,eastus,13,not associated with a nic,1.641600043
turkiz,dev,turkiz-starfish-shahar-dev-001,siren-ip,microsoft.network/publicipaddresses,westeurope,12,not associated with a nic,1.641600043
turkiz,dev,turkiz-starfish-metadata-dev-001,apim-yahel-apicast-ip,microsoft.network/publicipaddresses,westeurope,13,not associated with a nic,1.641600043
turkiz,dev,turkiz-starfish-metadata-dev-001,rapids-tests-v100-ip,microsoft.network/publicipaddresses,westeurope,12,not associated with a nic,1.641600043
turkiz,dev,turkiz-starfish-hafala-dev-001,naves2-ip,microsoft.network/publicipaddresses,westeurope,12,not associated with a nic,1.641600043
pink,prd,pink-cyclamen-crm-prd-001,aka01testng-ip,microsoft.network/publicipaddresses,westeurope,12,not associated with a nic,1.641600043
turkiz,tst,turkiz-starfish-tpaas-tst-001,yuvik-ip,microsoft.network/publicipaddresses,westeurope,12,not associated with a nic,1.641600043
turkiz,dev,turkiz-starfish-metadata-dev-001,aaaaapim-ip,microsoft.network/publicipaddresses,eastus,12,not associated with a nic,1.641600043
turkiz,dev,turkiz-starfish-metadata-dev-001,aaapim-test-ip,microsoft.network/publicipaddresses,northeurope,12,not associated with a nic,1.641600043
turkiz,dev,turkiz-key-bladeforce-dev-001,cdp-base-ip,microsoft.network/publicipaddresses,eastus,12,not associated with a nic,1.641600043
turkiz,prd,turkiz-starfish-clickmamram-prd-004,luzalwayson3-ip,microsoft.network/publicipaddresses,westeurope,13,not associated with a nic,1.641600043
turkiz,dev,turkiz-key-bladeforce-dev-001,exchange-ip,microsoft.network/publicipaddresses,northeurope,13,not associated with a nic,1.641600043
turkiz,dev,turkiz-key-bladeforce-dev-001,dmz-web-ip,microsoft.network/publicipaddresses,eastus,13,not associated with a nic,1.641600043
pink,prd,pink-flamingo-galatzarcive-prd-001,netapponcommandcloudmanager-ip,microsoft.network/publicipaddresses,westeurope,13,not associated with a nic,1.641600043
turkiz,dev,turkiz-starfish-cloudlets-dev-001,sso-ip,microsoft.network/publicipaddresses,westeurope,13,not associated with a nic,1.641600043
black,prd,black-coal-tam-prd-001,netops-node1-ip,microsoft.network/publicipaddresses,westeurope,12,not associated with a nic,1.641600043
turkiz,dev,turkiz-key-bladeforce-dev-001,dmz-web-ip,microsoft.network/publicipaddresses,eastus,12,not associated with a nic,1.641600043
turkiz,tst,turkiz-starfish-tpaas-tst-001,yum-rhel7-ip,microsoft.network/publicipaddresses,westeurope,12,not associated with a nic,1.641600043
turkiz,dev,turkiz-starfish-hafala-dev-001,maor-win2-ip,microsoft.network/publicipaddresses,westeurope,13,not associated with a nic,1.641600043
turkiz,dev,turkiz-key-bladeforce-dev-001,cdp-master-ip,microsoft.network/publicipaddresses,eastus,12,not associated with a nic,1.641600043
turkiz,dev,turkiz-starfish-shahar-dev-001,cpr-ip,microsoft.network/publicipaddresses,westeurope,13,not associated with a nic,1.641600043
turkiz,dev,turkiz-starfish-metadata-dev-001,aapim-client-ip,microsoft.network/publicipaddresses,northeurope,13,not associated with a nic,1.641600043
turkiz,prd,turkiz-starfish-soc60-prd-001,nifi01-ip,microsoft.network/publicipaddresses,westeurope,13,not associated with a nic,1.641600043
turkiz,dev,turkiz-starfish-shahar-dev-001,cpr-ip,microsoft.network/publicipaddresses,westeurope,12,not associated with a nic,1.641600043
turkiz,dev,turkiz-starfish-hafala-dev-001,ctf-ip,microsoft.network/publicipaddresses,westeurope,13,not associated with a nic,1.641600043
turkiz,dev,turkiz-starfish-metadata-dev-001,aaapim-test-ip,microsoft.network/publicipaddresses,northeurope,13,not associated with a nic,1.641600043
olive,dev,olive-oil-amitpatzan-dev-001,smartbasefrontendtest-ip,microsoft.network/publicipaddresses,westeurope,12,not associated with a nic,1.641600043
turkiz,dev,turkiz-key-bladeforce-dev-001,cloudera-dev3-ip,microsoft.network/publicipaddresses,germanywestcentral,13,not associated with a nic,1.641600043
turkiz,dev,turkiz-starfish-noctacti-dev-001,snow-db-ip,microsoft.network/publicipaddresses,eastus,12,not associated with a nic,1.641600043
turkiz,dev,turkiz-starfish-hafala-dev-001,maorwin-ip,microsoft.network/publicipaddresses,westeurope,12,not associated with a nic,1.641600043
turkiz,prd,turkiz-starfish-soc60-prd-001,nifi01-ip,microsoft.network/publicipaddresses,westeurope,12,not associated with a nic,1.641600043
olive,dev,olive-hina-maabedetmeamnim01-dev-001,startrek-ip,microsoft.network/publicipaddresses,westeurope,12,not associated with a nic,1.641600043
turkiz,tst,turkiz-starfish-tpaas-tst-001,yum-rhel8-ip,microsoft.network/publicipaddresses,westeurope,12,not associated with a nic,1.641600043
pink,prd,pink-cyclamen-crm-prd-001,aka01testng-ip,microsoft.network/publicipaddresses,westeurope,13,not associated with a nic,1.641600043
pink,prd,pink-cyclamen-crm-prd-001,aka01int,microsoft.network/publicipaddresses,westeurope,12,not associated with a nic,1.641600043
turkiz,dev,turkiz-starfish-hafala-dev-001,ctf-ip,microsoft.network/publicipaddresses,westeurope,12,not associated with a nic,1.641600043
turkiz,dev,turkiz-jeans-lomarandcyber-dev-001,dc02publicip,microsoft.network/publicipaddresses,westeurope,12,not associated with a nic,1.641600043
turkiz,prd,turkiz-starfish-soc60-prd-001,nifi04-ip,microsoft.network/publicipaddresses,westeurope,13,not associated with a nic,1.641600043
turkiz,prd,turkiz-starfish-soc60-prd-001,clonepublicip1527752354,microsoft.network/publicipaddresses,westeurope,12,not associated with a nic,1.641600043
turkiz,dev,turkiz-starfish-metadata-dev-001,public-ip-tower,microsoft.network/publicipaddresses,northeurope,13,not associated with a nic,1.641600043
turkiz,dev,turkiz-starfish-hafala-dev-001,navesip491,microsoft.network/publicipaddresses,westeurope,12,not associated with a nic,1.641600043
turkiz,tst,turkiz-starfish-tpaas-tst-001,yum-rhel8-ip,microsoft.network/publicipaddresses,westeurope,13,not associated with a nic,1.641600043
olive,dev,olive-oil-amitpatzan-dev-001,projects-server-ip,microsoft.network/publicipaddresses,westeurope,13,not associated with a nic,1.641600043
turkiz,prd,turkiz-starfish-soc60-prd-001,nifi02-ip,microsoft.network/publicipaddresses,westeurope,12,not associated with a nic,1.641600043
turkiz,dev,turkiz-starfish-metadata-dev-001,openshift-test-ip,microsoft.network/publicipaddresses,eastus,12,not associated with a nic,1.641600043
turkiz,dev,turkiz-starfish-hafala-dev-001,naves2-ip,microsoft.network/publicipaddresses,westeurope,13,not associated with a nic,1.641600043
turkiz,dev,turkiz-key-bladeforce-dev-001,cdp-worker1-ip,microsoft.network/publicipaddresses,eastus,12,not associated with a nic,1.641600043
turkiz,prd,turkiz-starfish-soc60-prd-001,nifi03-ip,microsoft.network/publicipaddresses,westeurope,13,not associated with a nic,1.641600043
pink,prd,pink-cyclamen-crm-prd-001,aka01devad,microsoft.network/publicipaddresses,westeurope,13,not associated with a nic,1.641600043
turkiz,dev,turkiz-key-bladeforce-dev-001,cloudera-dev3-ip,microsoft.network/publicipaddresses,germanywestcentral,12,not associated with a nic,1.641600043
turkiz,prd,turkiz-starfish-soc60-prd-001,nifi04-ip,microsoft.network/publicipaddresses,westeurope,12,not associated with a nic,1.641600043
turkiz,dev,turkiz-starfish-hafala-dev-001,jenkinsvm-ip,microsoft.network/publicipaddresses,eastus,13,not associated with a nic,1.641600043
turkiz,dev,turkiz-key-bladeforce-dev-001,cdp-master-ip,microsoft.network/publicipaddresses,eastus,13,not associated with a nic,1.641600043
turkiz,dev,turkiz-key-bladeforce-dev-001,cloudera-dev1-ip,microsoft.network/publicipaddresses,eastus,12,not associated with a nic,1.641600043
olive,dev,olive-oil-amitpatzan-dev-001,projects-server-ip,microsoft.network/publicipaddresses,westeurope,12,not associated with a nic,1.641600043
turkiz,dev,turkiz-starfish-metadata-dev-001,aapim-server-ip,microsoft.network/publicipaddresses,northeurope,13,not associated with a nic,1.641600043
olive,dev,olive-hina-maabedetmeamnim01-dev-001,startrek-ip,microsoft.network/publicipaddresses,westeurope,13,not associated with a nic,1.641600043
turkiz,dev,turkiz-key-bladeforce-dev-001,cdp-worker2-ip,microsoft.network/publicipaddresses,eastus,13,not associated with a nic,1.641600043
black,prd,black-coal-tam-prd-001,netops-node1-ip,microsoft.network/publicipaddresses,westeurope,13,not associated with a nic,1.641600043
turkiz,dev,turkiz-starfish-metadata-dev-001,public-ip-tower,microsoft.network/publicipaddresses,northeurope,12,not associated with a nic,1.641600043
turkiz,dev,turkiz-starfish-shahar-dev-001,siren-ip,microsoft.network/publicipaddresses,westeurope,13,not associated with a nic,1.641600043
turkiz,dev,turkiz-starfish-hafala-dev-001,maorsslave-ip,microsoft.network/publicipaddresses,westeurope,13,not associated with a nic,1.641600043
turkiz,dev,turkiz-key-bladeforce-dev-001,cdp-worker2-ip,microsoft.network/publicipaddresses,eastus,12,not associated with a nic,1.641600043
turkiz,tst,turkiz-starfish-tpaas-tst-001,k3s-ip,microsoft.network/publicipaddresses,westeurope,13,not associated with a nic,1.641600043
pink,prd,pink-flamingo-galatzarcive-prd-001,netapponcommandcloudmanager-ip,microsoft.network/publicipaddresses,westeurope,12,not associated with a nic,1.641600043
turkiz,dev,turkiz-key-bladeforce-dev-001,asgardrealm-ip,microsoft.network/publicipaddresses,eastus,13,not associated with a nic,1.641600043
turkiz,dev,turkiz-key-bladeforce-dev-001,cloudera-dev1-ip,microsoft.network/publicipaddresses,eastus,13,not associated with a nic,1.641600043
turkiz,prd,turkiz-starfish-clickmamram-prd-004,luzalwayson3-ip,microsoft.network/publicipaddresses,westeurope,12,not associated with a nic,1.641600043
turkiz,dev,turkiz-starfish-metadata-dev-001,aapim-server-ip,microsoft.network/publicipaddresses,northeurope,12,not associated with a nic,1.641600043
turkiz,dev,turkiz-starfish-hafala-dev-001,maorprocess-ip,microsoft.network/publicipaddresses,westeurope,12,not associated with a nic,1.641600043
turkiz,dev,turkiz-key-bladeforce-dev-001,cdp-worker1-ip,microsoft.network/publicipaddresses,eastus,13,not associated with a nic,1.641600043
turkiz,tst,turkiz-starfish-tpaas-tst-001,yuvik-ip,microsoft.network/publicipaddresses,westeurope,13,not associated with a nic,1.641600043
turkiz,dev,turkiz-key-bladeforce-dev-001,sadab2-ip,microsoft.network/publicipaddresses,uksouth,12,not associated with a nic,1.641600043
turkiz,dev,turkiz-starfish-metadata-dev-001,rapids-tests-v100-ip,microsoft.network/publicipaddresses,westeurope,13,not associated with a nic,1.641600043
turkiz,prd,turkiz-starfish-soc60-prd-001,nifi02-ip,microsoft.network/publicipaddresses,westeurope,13,not associated with a nic,1.641600043
turkiz,tst,turkiz-starfish-tpaas-tst-001,k3s-ip,microsoft.network/publicipaddresses,westeurope,12,not associated with a nic,1.641600043
pink,prd,pink-cyclamen-crm-prd-001,aka01int,microsoft.network/publicipaddresses,westeurope,13,not associated with a nic,1.641600043
turkiz,dev,turkiz-starfish-metadata-dev-001,openshift-test-ip,microsoft.network/publicipaddresses,eastus,13,not associated with a nic,1.641600043
turkiz,dev,turkiz-starfish-hafala-dev-001,maor-win2-ip,microsoft.network/publicipaddresses,westeurope,12,not associated with a nic,1.641600043
turkiz,dev,turkiz-starfish-cloudlets-dev-001,devel-ip,microsoft.network/publicipaddresses,eastus,12,not associated with a nic,1.638864064
turkiz,dev,turkiz-starfish-cloudlets-dev-001,devel-ip,microsoft.network/publicipaddresses,eastus,13,not associated with a nic,1.638864064
turkiz,dev,turkiz-starfish-cloudlets-dev-001,snirtowerip701,microsoft.network/publicipaddresses,eastus,12,not associated with a nic,1.638864064
turkiz,dev,turkiz-starfish-cloudlets-dev-001,vmishania,microsoft.network/publicipaddresses,eastus,13,not associated with a nic,1.638864064
turkiz,dev,turkiz-starfish-cloudlets-dev-001,snirtowerip701,microsoft.network/publicipaddresses,eastus,13,not associated with a nic,1.638864064
turkiz,dev,turkiz-starfish-cloudlets-dev-001,dns-ocp4.9-ip,microsoft.network/publicipaddresses,eastus,12,not associated with a nic,1.638864064
turkiz,dev,turkiz-starfish-cloudlets-dev-001,vmishania,microsoft.network/publicipaddresses,eastus,12,not associated with a nic,1.638864064
turkiz,dev,turkiz-starfish-cloudlets-dev-001,dns-ocp4.9-ip,microsoft.network/publicipaddresses,eastus,13,not associated with a nic,1.638864064
turkiz,dev,turkiz-starfish-semca-dev-001,testvm2-ip,microsoft.network/publicipaddresses,westeurope,12,not associated with a nic,1.601107132
turkiz,dev,turkiz-starfish-semca-dev-001,testvm4-ip,microsoft.network/publicipaddresses,westeurope,12,not associated with a nic,1.601107132
turkiz,dev,turkiz-starfish-semca-dev-001,testvm-ip,microsoft.network/publicipaddresses,westeurope,13,not associated with a nic,1.601107132
turkiz,dev,turkiz-starfish-semca-dev-001,testvm-ip,microsoft.network/publicipaddresses,westeurope,12,not associated with a nic,1.601107132
turkiz,dev,turkiz-starfish-semca-dev-001,testvm2-ip,microsoft.network/publicipaddresses,westeurope,13,not associated with a nic,1.601107132
turkiz,dev,turkiz-starfish-semca-dev-001,testvm4-ip,microsoft.network/publicipaddresses,westeurope,13,not associated with a nic,1.601107132